[A]
   1;     2.956;    25.222;    88.366; 
   2;     2.955;    25.232;    88.366; 
   3;     2.954;    25.242;    88.366; 
   4;     2.953;    25.248;    88.366; 
   5;     2.952;    25.255;    88.366; 
   6;     2.950;    25.262;    88.366; 
   7;     2.950;    25.266;    88.366; 
   8;     2.948;    25.273;    88.366; 
   9;     2.946;    25.284;    88.366; 
  10;     2.942;    25.306;    88.366; 
  11;     2.940;    25.319;    88.366; 
  12;     2.939;    25.328;    88.366; 
  13;     2.937;    25.335;    88.366; 
  14;     2.936;    25.340;    88.366; 
  15;     2.934;    25.351;    88.366; 
  16;     2.932;    25.361;    88.366; 
  17;     2.930;    25.372;    88.366; 
  18;     2.928;    25.384;    88.366; 
  19;     2.926;    25.396;    88.366; 
  20;     2.925;    25.402;    88.366; 
  21;     2.922;    25.414;    88.366; 
  22;     2.921;    25.421;    88.366; 
  23;     2.919;    25.429;    88.366; 
  24;     2.918;    25.436;    88.366; 
  25;     2.914;    25.452;    88.366; 
  26;     2.912;    25.468;    88.366; 
  27;     2.909;    25.481;    88.366; 
  28;     2.908;    25.485;    88.366; 
  29;     2.907;    25.494;    88.366; 
  30;     2.904;    25.506;    88.366; 
  31;     2.903;    25.511;    88.366; 
  32;     2.901;    25.519;    88.366; 
  33;     2.899;    25.528;    88.366; 
  34;     2.896;    25.540;    88.366; 
  35;     2.893;    25.558;    88.366; 
  36;     2.891;    25.570;    88.366; 
  37;     2.889;    25.575;    88.366; 
  38;     2.887;    25.584;    88.366; 
  39;     2.885;    25.595;    88.366; 
  40;     2.883;    25.605;    88.366; 
  41;     2.881;    25.614;    88.366; 
  42;     2.878;    25.627;    88.366; 
  43;     2.876;    25.638;    88.366; 
  44;     2.873;    25.651;    88.366; 
  45;     2.871;    25.659;    88.366; 
  46;     2.869;    25.669;    88.366; 
  47;     2.867;    25.678;    88.366; 
  48;     2.865;    25.688;    88.366; 
  49;     2.863;    25.695;    88.366; 
  50;     2.861;    25.702;    88.366; 
  51;     2.859;    25.709;    88.366; 
  52;     2.855;    25.730;    88.366; 
  53;     2.853;    25.738;    88.366; 
  54;     2.850;    25.750;    88.366; 
  55;     2.848;    25.758;    88.366; 
  56;     2.846;    25.768;    88.366; 
  57;     2.843;    25.776;    88.366; 
  58;     2.840;    25.793;    88.366; 
  59;     2.837;    25.803;    88.366; 
  60;     2.836;    25.810;    88.366; 
  61;     2.834;    25.818;    88.366; 
  62;     2.832;    25.825;    88.366; 
  63;     2.829;    25.836;    88.366; 
  64;     2.828;    25.841;    88.366; 
  65;     2.827;    25.844;    88.366; 
  66;     2.823;    25.856;    88.366; 
  67;     2.820;    25.864;    88.366; 
  68;     2.814;    25.887;    88.366; 
  69;     2.809;    25.909;    88.366; 
  70;     2.807;    25.922;    88.366; 
  71;     2.806;    25.926;    88.366; 
  72;     2.804;    25.934;    88.366; 
  73;     2.803;    25.938;    88.366; 
  74;     2.801;    25.946;    88.366; 
  75;     2.798;    25.956;    88.366; 
  76;     2.796;    25.961;    88.366; 
  77;     2.793;    25.974;    88.366; 
  78;     2.790;    25.983;    88.366; 
  79;     2.787;    25.996;    88.366; 
  80;     2.784;    26.006;    88.366; 
  81;     2.781;    26.016;    88.366; 
  82;     2.779;    26.025;    88.366; 
  83;     2.776;    26.033;    88.366; 
  84;     2.773;    26.044;    88.366; 
  85;     2.771;    26.052;    88.366; 
  86;     2.767;    26.064;    88.366; 
  87;     2.764;    26.074;    88.366; 
  88;     2.761;    26.086;    88.366; 
  89;     2.758;    26.097;    88.366; 
  90;     2.755;    26.108;    88.366; 
  91;     2.752;    26.121;    88.366; 
  92;     2.750;    26.128;    88.366; 
  93;     2.745;    26.144;    88.366; 
  94;     2.744;    26.151;    88.366; 
  95;     2.742;    26.157;    88.366; 
  96;     2.740;    26.164;    88.366; 
  97;     2.737;    26.174;    88.366; 
  98;     2.734;    26.183;    88.366; 
  99;     2.729;    26.200;    88.366; 
 100;     2.726;    26.212;    88.366; 
 101;     2.723;    26.224;    88.366; 
 102;     2.721;    26.230;    88.366; 
 103;     2.718;    26.239;    88.366; 
 104;     2.715;    26.250;    88.366; 
 105;     2.712;    26.259;    88.366; 
 106;     2.709;    26.268;    88.366; 
 107;     2.707;    26.276;    88.366; 
 108;     2.703;    26.289;    88.366; 
 109;     2.699;    26.303;    88.366; 
 110;     2.696;    26.314;    88.366; 
 111;     2.693;    26.321;    88.366; 
 112;     2.691;    26.330;    88.366; 
 113;     2.687;    26.341;    88.366; 
 114;     2.685;    26.350;    88.366; 
 115;     2.683;    26.355;    88.366; 
 116;     2.681;    26.362;    88.366; 
 117;     2.677;    26.373;    88.366; 
 118;     2.671;    26.391;    88.366; 
 119;     2.667;    26.407;    88.366; 
 120;     2.665;    26.413;    88.366; 
 121;     2.663;    26.421;    88.366; 
 122;     2.660;    26.430;    88.366; 
 123;     2.658;    26.436;    88.366; 
 124;     2.656;    26.443;    88.366; 
 125;     2.653;    26.449;    88.366; 
 126;     2.648;    26.465;    88.366; 
 127;     2.641;    26.489;    88.366; 
 128;     2.638;    26.498;    88.366; 
 129;     2.636;    26.507;    88.366; 
 130;     2.635;    26.508;    88.366; 
 131;     2.631;    26.520;    88.366; 
 132;     2.628;    26.528;    88.366; 
 133;     2.625;    26.540;    88.366; 
 134;     2.621;    26.552;    88.366; 
 135;     2.618;    26.560;    88.366; 
 136;     2.615;    26.569;    88.366; 
 137;     2.611;    26.581;    88.366; 
 138;     2.609;    26.587;    88.366; 
 139;     2.606;    26.597;    88.366; 
 140;     2.604;    26.603;    88.366; 
 141;     2.599;    26.615;    88.366; 
 142;     2.592;    26.637;    88.366; 
 143;     2.589;    26.648;    88.366; 
 144;     2.587;    26.654;    88.366; 
 145;     2.584;    26.664;    88.366; 
 146;     2.580;    26.675;    88.366; 
 147;     2.577;    26.685;    88.366; 
 148;     2.575;    26.692;    88.366; 
 149;     2.572;    26.700;    88.366; 
 150;     2.569;    26.708;    88.366; 
 151;     2.567;    26.713;    88.366; 
 152;     2.565;    26.719;    88.366; 
 153;     2.564;    26.720;    88.366; 
 154;     2.561;    26.728;    88.366; 
 155;     2.559;    26.732;    88.366; 
 156;     2.556;    26.738;    88.366; 
 157;     2.552;    26.745;    88.366; 
 158;     2.551;    26.747;    88.366; 
 159;     2.548;    26.753;    88.366; 
 160;     2.545;    26.756;    88.366; 
 161;     2.543;    26.760;    88.366; 
 162;     2.541;    26.763;    88.366; 
 163;     2.539;    26.766;    88.366; 
 164;     2.537;    26.768;    88.366; 
 165;     2.532;    26.774;    88.366; 
 166;     2.526;    26.780;    88.366; 
 167;     2.522;    26.785;    88.366; 
 168;     2.518;    26.789;    88.366; 
 169;     2.514;    26.794;    88.366; 
 170;     2.510;    26.797;    88.366; 
 171;     2.508;    26.799;    88.366; 
 172;     2.505;    26.802;    88.366; 
 173;     2.503;    26.803;    88.366; 
 174;     2.498;    26.807;    88.366; 
 175;     2.495;    26.809;    88.366; 
 176;     2.491;    26.811;    88.366; 
 177;     2.490;    26.812;    88.366; 
 178;     2.483;    26.816;    88.366; 
 179;     2.482;    26.817;    88.366; 
 180;     2.480;    26.817;    88.366; 
 181;     2.477;    26.818;    88.366; 
 182;     2.466;    26.824;    88.366; 
 183;     2.455;    26.828;    88.366; 
 184;     2.442;    26.835;    88.366; 
 185;     2.441;    26.835;    88.366; 
 186;     2.441;    26.835;    88.366; 
 187;     2.437;    26.836;    88.366; 
 188;     2.434;    26.837;    88.366; 
 189;     2.431;    26.838;    88.366; 
 190;     2.427;    26.839;    88.366; 
 191;     2.424;    26.840;    88.366; 
 192;     2.418;    26.841;    88.366; 
 193;     2.418;    26.841;    88.366; 
 194;     2.413;    26.841;    88.366; 
 195;     2.411;    26.841;    88.366; 
 196;     2.406;    26.842;    88.366; 
 197;     2.387;    26.844;    88.366; 
 198;     2.373;    26.847;    88.366; 
 199;     2.361;    26.849;    88.366; 
 200;     2.355;    26.849;    88.366; 
 201;     2.352;    26.850;    88.366; 
 202;     2.346;    26.850;    88.366; 
 203;     2.339;    26.851;    88.366; 
 204;     2.330;    26.851;    88.366; 
 205;     2.319;    26.852;    88.366; 
 206;     2.309;    26.853;    88.366; 
 207;     2.297;    26.854;    88.366; 
 208;     2.287;    26.855;    88.366; 
 209;     2.277;    26.855;    88.366; 
 210;     2.268;    26.856;    88.366; 
 211;     2.258;    26.857;    88.366; 
 212;     2.248;    26.857;    88.366; 
 213;     2.237;    26.858;    88.366; 
 214;     2.224;    26.859;    88.366; 
 215;     2.211;    26.860;    88.366; 
 216;     2.200;    26.861;    88.366; 
 217;     2.189;    26.862;    88.366; 
 218;     2.179;    26.863;    88.366; 
 219;     2.170;    26.864;    88.366; 
 220;     2.162;    26.865;    88.366; 
 221;     2.147;    26.866;    88.366; 
 222;     2.138;    26.867;    88.366; 
 223;     2.129;    26.867;    88.366; 
 224;     2.117;    26.868;    88.366; 
 225;     2.107;    26.869;    88.366; 
 226;     2.097;    26.870;    88.366; 
 227;     2.087;    26.870;    88.366; 
 228;     2.076;    26.871;    88.366; 
 229;     2.064;    26.872;    88.366; 
 230;     2.057;    26.873;    88.366; 
 231;     2.048;    26.873;    88.366; 
 232;     2.037;    26.874;    88.366; 
 233;     2.025;    26.875;    88.366; 
 234;     2.012;    26.876;    88.366; 
 235;     2.001;    26.877;    88.366; 
 236;     1.990;    26.877;    88.366; 
 237;     1.978;    26.878;    88.366; 
 238;     1.969;    26.879;    88.366; 
 239;     1.959;    26.880;    88.366; 
 240;     1.952;    26.880;    88.366; 
 241;     1.941;    26.881;    88.366; 
 242;     1.927;    26.882;    88.366; 
 243;     1.914;    26.883;    88.366; 
 244;     1.902;    26.884;    88.366; 
 245;     1.893;    26.885;    88.366; 
 246;     1.883;    26.886;    88.366; 
 247;     1.876;    26.886;    88.366; 
 248;     1.869;    26.887;    88.366; 
 249;     1.864;    26.887;    88.366; 
 250;     1.859;    26.887;    88.366; 
 251;     1.853;    26.886;    88.366; 
 252;     1.846;    26.886;    88.366; 
 253;     1.841;    26.886;    88.366; 
 254;     1.836;    26.886;    88.366; 
 255;     1.831;    26.885;    88.366; 
 256;     1.826;    26.884;    88.366; 
 257;     1.821;    26.884;    88.366; 
 258;     1.816;    26.883;    88.366; 
 259;     1.812;    26.882;    88.366; 
 260;     1.807;    26.881;    88.366; 
 261;     1.801;    26.879;    88.366; 
 262;     1.797;    26.878;    88.366; 
 263;     1.792;    26.877;    88.366; 
 264;     1.787;    26.875;    88.366; 
 265;     1.782;    26.873;    88.366; 
 266;     1.781;    26.873;    88.366; 
 267;     1.778;    26.871;    88.366; 
 268;     1.772;    26.869;    88.366; 
 269;     1.770;    26.868;    88.366; 
 270;     1.767;    26.866;    88.366; 
 271;     1.762;    26.864;    88.366; 
 272;     1.760;    26.862;    88.366; 
 273;     1.755;    26.859;    88.366; 
 274;     1.749;    26.855;    88.366; 
 275;     1.742;    26.850;    88.366; 
 276;     1.735;    26.846;    88.366; 
 277;     1.732;    26.844;    88.366; 
 278;     1.729;    26.841;    88.366; 
 279;     1.726;    26.838;    88.366; 
 280;     1.723;    26.836;    88.366; 
 281;     1.720;    26.833;    88.366; 
 282;     1.717;    26.830;    88.366; 
 283;     1.712;    26.825;    88.366; 
 284;     1.714;    26.827;    88.366; 
 285;     1.708;    26.820;    88.366; 
 286;     1.707;    26.819;    88.366; 
 287;     1.704;    26.815;    88.366; 
 288;     1.701;    26.810;    88.366; 
 289;     1.696;    26.804;    88.366; 
 290;     1.689;    26.794;    88.366; 
 291;     1.682;    26.786;    88.366; 
 292;     1.679;    26.781;    88.366; 
 293;     1.676;    26.776;    88.366; 
 294;     1.673;    26.771;    88.366; 
 295;     1.672;    26.770;    88.366; 
 296;     1.669;    26.763;    88.366; 
 297;     1.667;    26.760;    88.366; 
 298;     1.662;    26.749;    88.366; 
 299;     1.660;    26.745;    88.366; 
 300;     1.653;    26.733;    88.366; 
 301;     1.646;    26.719;    88.366; 
 302;     1.644;    26.714;    88.366; 
 303;     1.637;    26.701;    88.366; 
 304;     1.634;    26.695;    88.366; 
 305;     1.627;    26.681;    88.366; 
 306;     1.622;    26.671;    88.366; 
 307;     1.618;    26.662;    88.366; 
 308;     1.613;    26.654;    88.366; 
 309;     1.607;    26.641;    88.366; 
 310;     1.604;    26.635;    88.366; 
 311;     1.599;    26.626;    88.366; 
 312;     1.596;    26.620;    88.366; 
 313;     1.593;    26.614;    88.366; 
 314;     1.588;    26.602;    88.366; 
 315;     1.583;    26.592;    88.366; 
 316;     1.577;    26.581;    88.366; 
 317;     1.571;    26.568;    88.366; 
 318;     1.568;    26.562;    88.366; 
 319;     1.563;    26.552;    88.366; 
 320;     1.560;    26.545;    88.366; 
 321;     1.556;    26.537;    88.366; 
 322;     1.551;    26.526;    88.366; 
 323;     1.547;    26.518;    88.366; 
 324;     1.543;    26.509;    88.366; 
 325;     1.538;    26.499;    88.366; 
 326;     1.533;    26.489;    88.366; 
 327;     1.524;    26.472;    88.366; 
 328;     1.523;    26.468;    88.366; 
 329;     1.521;    26.464;    88.366; 
 330;     1.516;    26.454;    88.366; 
 331;     1.509;    26.439;    88.366; 
 332;     1.505;    26.431;    88.366; 
 333;     1.501;    26.423;    88.366; 
 334;     1.498;    26.416;    88.366; 
 335;     1.493;    26.406;    88.366; 
 336;     1.487;    26.392;    88.366; 
 337;     1.482;    26.382;    88.366; 
 338;     1.477;    26.372;    88.366; 
 339;     1.473;    26.364;    88.366; 
 340;     1.470;    26.356;    88.366; 
 341;     1.464;    26.345;    88.366; 
 342;     1.460;    26.336;    88.366; 
 343;     1.456;    26.327;    88.366; 
 344;     1.453;    26.320;    88.366; 
 345;     1.448;    26.310;    88.366; 
 346;     1.444;    26.301;    88.366; 
 347;     1.440;    26.291;    88.366; 
 348;     1.436;    26.283;    88.366; 
 349;     1.431;    26.272;    88.366; 
 350;     1.425;    26.259;    88.366; 
 351;     1.422;    26.252;    88.366; 
 352;     1.417;    26.242;    88.366; 
 353;     1.415;    26.237;    88.366; 
 354;     1.412;    26.229;    88.366; 
 355;     1.409;    26.222;    88.366; 
 356;     1.404;    26.210;    88.366; 
 357;     1.397;    26.196;    88.366; 
 358;     1.391;    26.183;    88.366; 
 359;     1.388;    26.175;    88.366; 
 360;     1.385;    26.169;    88.366; 
 361;     1.379;    26.156;    88.366; 
 362;     1.376;    26.148;    88.366; 
 363;     1.368;    26.131;    88.366; 
 364;     1.366;    26.127;    88.366; 
 365;     1.365;    26.124;    88.366; 
 366;     1.361;    26.115;    88.366; 
 367;     1.356;    26.104;    88.366; 
 368;     1.351;    26.091;    88.366; 
 369;     1.344;    26.075;    88.366; 
 370;     1.339;    26.066;    88.366; 
 371;     1.335;    26.056;    88.366; 
 372;     1.334;    26.055;    88.366; 
 373;     1.330;    26.046;    88.366; 
 374;     1.330;    26.045;    88.366; 
 375;     1.321;    26.024;    88.366; 
 376;     1.317;    26.013;    88.366; 
 377;     1.312;    26.003;    88.366; 
 378;     1.308;    25.993;    88.366; 
 379;     1.305;    25.986;    88.366; 
 380;     1.302;    25.979;    88.366; 
 381;     1.297;    25.967;    88.366; 
 382;     1.294;    25.960;    88.366; 
 383;     1.290;    25.952;    88.366; 
 384;     1.286;    25.941;    88.366; 
 385;     1.281;    25.929;    88.366; 
 386;     1.276;    25.919;    88.366; 
 387;     1.274;    25.914;    88.366; 
 388;     1.271;    25.905;    88.366; 
 389;     1.265;    25.892;    88.366; 
 390;     1.262;    25.883;    88.366; 
 391;     1.257;    25.871;    88.366; 
 392;     1.253;    25.863;    88.366; 
 393;     1.250;    25.854;    88.366; 
 394;     1.245;    25.843;    88.366; 
 395;     1.239;    25.829;    88.366; 
 396;     1.235;    25.819;    88.366; 
 397;     1.232;    25.812;    88.366; 
 398;     1.229;    25.806;    88.366; 
 399;     1.227;    25.799;    88.366; 
 400;     1.224;    25.791;    88.366; 
 401;     1.219;    25.780;    88.366; 
 402;     1.218;    25.775;    88.366; 
 403;     1.216;    25.769;    88.366; 
 404;     1.212;    25.757;    88.366; 
 405;     1.206;    25.742;    88.366; 
 406;     1.201;    25.730;    88.366; 
 407;     1.198;    25.720;    88.366; 
 408;     1.197;    25.716;    88.366; 
 409;     1.189;    25.697;    88.366; 
 410;     1.180;    25.677;    88.366; 
 411;     1.177;    25.669;    88.366; 
 412;     1.174;    25.661;    88.366; 
 413;     1.173;    25.659;    88.366; 
 414;     1.171;    25.653;    88.366; 
 415;     1.169;    25.648;    88.366; 
 416;     1.166;    25.638;    88.366; 
 417;     1.160;    25.623;    88.366; 
 418;     1.156;    25.612;    88.366; 
 419;     1.152;    25.600;    88.366; 
 420;     1.149;    25.594;    88.366; 
 421;     1.145;    25.583;    88.366; 
 422;     1.142;    25.572;    88.366; 
 423;     1.139;    25.566;    88.366; 
 424;     1.134;    25.551;    88.366; 
 425;     1.131;    25.543;    88.366; 
 426;     1.128;    25.535;    88.366; 
 427;     1.124;    25.524;    88.366; 
 428;     1.121;    25.515;    88.366; 
 429;     1.117;    25.503;    88.366; 
 430;     1.114;    25.494;    88.366; 
 431;     1.109;    25.482;    88.366; 
 432;     1.108;    25.478;    88.366; 
 433;     1.104;    25.465;    88.366; 
 434;     1.101;    25.457;    88.366; 
 435;     1.097;    25.447;    88.366; 
 436;     1.096;    25.441;    88.366; 
 437;     1.093;    25.434;    88.366; 
 438;     1.089;    25.421;    88.366; 
 439;     1.083;    25.404;    88.366; 
 440;     1.077;    25.387;    88.366; 
 441;     1.073;    25.378;    88.366; 
 442;     1.074;    25.379;    88.366; 
 443;     1.070;    25.369;    88.366; 
 444;     1.068;    25.362;    88.366; 
 445;     1.066;    25.356;    88.366; 
 446;     1.063;    25.345;    88.366; 
 447;     1.057;    25.329;    88.366; 
 448;     1.055;    25.321;    88.366; 
 449;     1.053;    25.314;    88.366; 
 450;     1.051;    25.308;    88.366; 
 451;     1.049;    25.302;    88.366; 
 452;     1.049;    25.300;    88.366; 
 453;     1.047;    25.290;    88.366; 
 454;     1.039;    25.264;    88.366; 
 455;     1.031;    25.242;    88.366; 
 456;     1.024;    25.222;    88.366; 
 457;     1.023;    25.221;    88.366; 
 458;     1.024;    25.221;    88.366; 
 459;     1.022;    25.215;    88.366; 
 460;     1.021;    25.211;    88.366; 
 461;     1.017;    25.197;    88.366; 
 462;     1.010;    25.176;    88.366; 
 463;     1.008;    25.169;    88.366; 
 464;     1.007;    25.166;    88.366; 
 465;     1.007;    25.163;    88.366; 
 466;     1.006;    25.160;    88.366; 
 467;     1.003;    25.147;    88.366; 
 468;      .998;    25.128;    88.366; 
 469;      .988;    25.099;    88.366; 
 470;      .987;    25.096;    88.366; 
 471;      .984;    25.086;    88.366; 
 472;      .983;    25.082;    88.366; 
 473;      .980;    25.073;    88.366; 
 474;      .978;    25.066;    88.366; 
 475;      .975;    25.055;    88.366; 
 476;      .973;    25.047;    88.366; 
 477;      .969;    25.035;    88.366; 
 478;      .968;    25.029;    88.366; 
 479;      .966;    25.021;    88.366; 
 480;      .963;    25.011;    88.366; 
 481;      .961;    25.002;    88.366; 
 482;      .957;    24.988;    88.366; 
 483;      .954;    24.976;    88.366; 
 484;      .949;    24.961;    88.366; 
 485;      .948;    24.956;    88.366; 
 486;      .947;    24.952;    88.366; 
 487;      .945;    24.945;    88.366; 
 488;      .942;    24.931;    88.366; 
 489;      .939;    24.918;    88.366; 
 490;      .933;    24.897;    88.366; 
 491;      .930;    24.888;    88.366; 
 492;      .926;    24.877;    88.366; 
 493;      .910;    24.837;    88.366; 
 494;      .891;    24.803;    88.366; 
 495;      .876;    24.782;    88.366; 
 496;      .860;    24.761;    88.366; 
 497;      .804;    24.710;    88.366; 
 498;      .700;    24.666;    88.366; 
 499;      .644;    24.661;    88.366; 
 500;      .620;    24.661;    88.366; 
 501;      .614;    24.661;    88.366; 
 502;      .611;    24.661;    88.366; 
 503;      .605;    24.661;    88.366; 
 504;      .596;    24.661;    88.366; 
 505;      .585;    24.660;    88.366; 
 506;      .557;    24.661;    88.366; 
 507;      .532;    24.663;    88.366; 
 508;      .522;    24.664;    88.366; 
 509;      .514;    24.664;    88.366; 
 510;      .509;    24.665;    88.366; 
 511;      .505;    24.665;    88.366; 
 512;      .502;    24.665;    88.366; 
 513;      .497;    24.665;    88.366; 
 514;      .484;    24.665;    88.366; 
 515;      .467;    24.665;    88.366; 
 516;      .451;    24.665;    88.366; 
 517;      .442;    24.666;    88.366; 
 518;      .436;    24.666;    88.366; 
 519;      .425;    24.666;    88.366; 
 520;      .414;    24.666;    88.366; 
 521;      .402;    24.667;    88.366; 
 522;      .386;    24.667;    88.366; 
 523;      .376;    24.668;    88.366; 
 524;      .366;    24.668;    88.366; 
 525;      .363;    24.668;    88.366; 
 526;      .356;    24.668;    88.366; 
 527;      .352;    24.668;    88.366; 
 528;      .350;    24.668;    88.366; 
 529;      .336;    24.667;    88.366; 
 530;      .304;    24.667;    88.366; 
 531;      .278;    24.669;    88.366; 
 532;      .267;    24.671;    88.366; 
 533;      .241;    24.675;    88.366; 
 534;      .192;    24.688;    88.366; 
 535;      .129;    24.720;    88.366; 
 536;      .025;    24.863;    88.366; 
 537;      .023;    24.870;    88.366; 
 538;      .020;    24.876;    88.366; 
 539;      .017;    24.885;    88.366; 
 540;      .015;    24.891;    88.366; 
 541;      .014;    24.893;    88.366; 
 542;      .008;    24.907;    88.366; 
 543;     -.002;    24.940;    88.366; 
 544;     -.010;    24.979;    88.366; 
 545;     -.012;    24.989;    88.366; 
 546;     -.013;    24.996;    88.366; 
 547;     -.014;    25.001;    88.366; 
 548;     -.015;    25.004;    88.366; 
 549;     -.016;    25.008;    88.366; 
 550;     -.018;    25.014;    88.366; 
 551;     -.019;    25.018;    88.366; 
 552;     -.021;    25.025;    88.366; 
 553;     -.022;    25.026;    88.366; 
 554;     -.027;    25.040;    88.366; 
 555;     -.037;    25.080;    88.366; 
 556;     -.041;    25.106;    88.366; 
 557;     -.042;    25.115;    88.366; 
 558;     -.044;    25.122;    88.366; 
 559;     -.045;    25.130;    88.366; 
 560;     -.045;    25.131;    88.366; 
 561;     -.047;    25.137;    88.366; 
 562;     -.048;    25.143;    88.366; 
 563;     -.052;    25.157;    88.366; 
 564;     -.054;    25.166;    88.366; 
 565;     -.056;    25.171;    88.366; 
 566;     -.058;    25.179;    88.366; 
 567;     -.062;    25.193;    88.366; 
 568;     -.065;    25.206;    88.366; 
 569;     -.068;    25.218;    88.366; 
 570;     -.070;    25.227;    88.366; 
 571;     -.073;    25.237;    88.366; 
 572;     -.075;    25.246;    88.366; 
 573;     -.078;    25.259;    88.366; 
 574;     -.079;    25.263;    88.366; 
 575;     -.083;    25.277;    88.366; 
 576;     -.086;    25.287;    88.366; 
 577;     -.088;    25.296;    88.366; 
 578;     -.091;    25.310;    88.366; 
 579;     -.093;    25.314;    88.366; 
 580;     -.095;    25.322;    88.366; 
 581;     -.098;    25.332;    88.366; 
 582;     -.100;    25.340;    88.366; 
 583;     -.103;    25.349;    88.366; 
 584;     -.105;    25.358;    88.366; 
 585;     -.109;    25.369;    88.366; 
 586;     -.111;    25.378;    88.366; 
 587;     -.115;    25.391;    88.366; 
 588;     -.117;    25.399;    88.366; 
 589;     -.120;    25.408;    88.366; 
 590;     -.123;    25.419;    88.366; 
 591;     -.126;    25.428;    88.366; 
 592;     -.130;    25.441;    88.366; 
 593;     -.132;    25.447;    88.366; 
 594;     -.136;    25.461;    88.366; 
 595;     -.138;    25.468;    88.366; 
 596;     -.140;    25.475;    88.366; 
 597;     -.143;    25.485;    88.366; 
 598;     -.147;    25.498;    88.366; 
 599;     -.150;    25.507;    88.366; 
 600;     -.154;    25.521;    88.366; 
 601;     -.156;    25.528;    88.366; 
 602;     -.159;    25.538;    88.366; 
 603;     -.164;    25.552;    88.366; 
 604;     -.166;    25.558;    88.366; 
 605;     -.169;    25.569;    88.366; 
 606;     -.171;    25.575;    88.366; 
 607;     -.173;    25.583;    88.366; 
 608;     -.177;    25.592;    88.366; 
 609;     -.180;    25.602;    88.366; 
 610;     -.184;    25.614;    88.366; 
 611;     -.187;    25.625;    88.366; 
 612;     -.192;    25.638;    88.366; 
 613;     -.194;    25.646;    88.366; 
 614;     -.196;    25.651;    88.366; 
 615;     -.199;    25.661;    88.366; 
 616;     -.203;    25.671;    88.366; 
 617;     -.206;    25.679;    88.366; 
 618;     -.209;    25.687;    88.366; 
 619;     -.211;    25.693;    88.366; 
 620;     -.214;    25.701;    88.366; 
 621;     -.220;    25.717;    88.366; 
 622;     -.224;    25.730;    88.366; 
 623;     -.231;    25.751;    88.366; 
 624;     -.232;    25.756;    88.366; 
 625;     -.235;    25.764;    88.366; 
 626;     -.237;    25.770;    88.366; 
 627;     -.241;    25.783;    88.366; 
 628;     -.245;    25.794;    88.366; 
 629;     -.248;    25.805;    88.366; 
 630;     -.250;    25.811;    88.366; 
 631;     -.253;    25.817;    88.366; 
 632;     -.256;    25.826;    88.366; 
 633;     -.259;    25.834;    88.366; 
 634;     -.263;    25.846;    88.366; 
 635;     -.265;    25.852;    88.366; 
 636;     -.269;    25.861;    88.366; 
 637;     -.273;    25.873;    88.366; 
 638;     -.275;    25.878;    88.366; 
 639;     -.277;    25.882;    88.366; 
 640;     -.279;    25.887;    88.366; 
 641;     -.290;    25.915;    88.366; 
 642;     -.297;    25.937;    88.366; 
 643;     -.298;    25.941;    88.366; 
 644;     -.301;    25.948;    88.366; 
 645;     -.304;    25.958;    88.366; 
 646;     -.307;    25.967;    88.366; 
 647;     -.311;    25.978;    88.366; 
 648;     -.315;    25.988;    88.366; 
 649;     -.317;    25.993;    88.366; 
 650;     -.321;    26.004;    88.366; 
 651;     -.325;    26.014;    88.366; 
 652;     -.326;    26.017;    88.366; 
 653;     -.329;    26.025;    88.366; 
 654;     -.332;    26.032;    88.366; 
 655;     -.338;    26.046;    88.366; 
 656;     -.344;    26.060;    88.366; 
 657;     -.348;    26.072;    88.366; 
 658;     -.353;    26.085;    88.366; 
 659;     -.356;    26.094;    88.366; 
 660;     -.360;    26.102;    88.366; 
 661;     -.362;    26.108;    88.366; 
 662;     -.365;    26.115;    88.366; 
 663;     -.369;    26.126;    88.366; 
 664;     -.375;    26.140;    88.366; 
 665;     -.379;    26.151;    88.366; 
 666;     -.382;    26.157;    88.366; 
 667;     -.386;    26.169;    88.366; 
 668;     -.389;    26.175;    88.366; 
 669;     -.393;    26.184;    88.366; 
 670;     -.397;    26.195;    88.366; 
 671;     -.400;    26.203;    88.366; 
 672;     -.405;    26.214;    88.366; 
 673;     -.408;    26.221;    88.366; 
 674;     -.413;    26.232;    88.366; 
 675;     -.417;    26.242;    88.366; 
 676;     -.422;    26.254;    88.366; 
 677;     -.425;    26.263;    88.366; 
 678;     -.429;    26.273;    88.366; 
 679;     -.433;    26.281;    88.366; 
 680;     -.437;    26.291;    88.366; 
 681;     -.441;    26.300;    88.366; 
 682;     -.446;    26.311;    88.366; 
 683;     -.449;    26.320;    88.366; 
 684;     -.454;    26.330;    88.366; 
 685;     -.457;    26.337;    88.366; 
 686;     -.462;    26.349;    88.366; 
 687;     -.467;    26.362;    88.366; 
 688;     -.472;    26.373;    88.366; 
 689;     -.473;    26.376;    88.366; 
 690;     -.476;    26.383;    88.366; 
 691;     -.479;    26.389;    88.366; 
 692;     -.485;    26.402;    88.366; 
 693;     -.492;    26.419;    88.366; 
 694;     -.497;    26.429;    88.366; 
 695;     -.501;    26.441;    88.366; 
 696;     -.504;    26.446;    88.366; 
 697;     -.507;    26.453;    88.366; 
 698;     -.511;    26.462;    88.366; 
 699;     -.515;    26.472;    88.366; 
 700;     -.519;    26.480;    88.366; 
 701;     -.524;    26.492;    88.366; 
 702;     -.528;    26.500;    88.366; 
 703;     -.532;    26.510;    88.366; 
 704;     -.534;    26.515;    88.366; 
 705;     -.541;    26.529;    88.366; 
 706;     -.546;    26.541;    88.366; 
 707;     -.549;    26.549;    88.366; 
 708;     -.553;    26.557;    88.366; 
 709;     -.556;    26.563;    88.366; 
 710;     -.562;    26.576;    88.366; 
 711;     -.566;    26.585;    88.366; 
 712;     -.570;    26.595;    88.366; 
 713;     -.577;    26.610;    88.366; 
 714;     -.580;    26.618;    88.366; 
 715;     -.583;    26.623;    88.366; 
 716;     -.586;    26.629;    88.366; 
 717;     -.588;    26.634;    88.366; 
 718;     -.592;    26.641;    88.366; 
 719;     -.599;    26.655;    88.366; 
 720;     -.606;    26.669;    88.366; 
 721;     -.612;    26.683;    88.366; 
 722;     -.620;    26.701;    88.366; 
 723;     -.622;    26.706;    88.366; 
 724;     -.626;    26.716;    88.366; 
 725;     -.630;    26.725;    88.366; 
 726;     -.633;    26.731;    88.366; 
 727;     -.638;    26.742;    88.366; 
 728;     -.640;    26.747;    88.366; 
 729;     -.645;    26.758;    88.366; 
 730;     -.647;    26.761;    88.366; 
 731;     -.650;    26.767;    88.366; 
 732;     -.657;    26.781;    88.366; 
 733;     -.661;    26.790;    88.366; 
 734;     -.666;    26.801;    88.366; 
 735;     -.670;    26.808;    88.366; 
 736;     -.674;    26.815;    88.366; 
 737;     -.676;    26.819;    88.366; 
 738;     -.679;    26.824;    88.366; 
 739;     -.682;    26.828;    88.366; 
 740;     -.686;    26.834;    88.366; 
 741;     -.690;    26.840;    88.366; 
 742;     -.691;    26.842;    88.366; 
 743;     -.697;    26.849;    88.366; 
 744;     -.699;    26.852;    88.366; 
 745;     -.702;    26.856;    88.366; 
 746;     -.706;    26.860;    88.366; 
 747;     -.706;    26.860;    88.366; 
 748;     -.710;    26.865;    88.366; 
 749;     -.713;    26.868;    88.366; 
 750;     -.719;    26.873;    88.366; 
 751;     -.720;    26.874;    88.366; 
 752;     -.724;    26.877;    88.366; 
 753;     -.729;    26.881;    88.366; 
 754;     -.731;    26.883;    88.366; 
 755;     -.734;    26.885;    88.366; 
 756;     -.736;    26.885;    88.366; 
 757;     -.739;    26.887;    88.366; 
 758;     -.743;    26.889;    88.366; 
 759;     -.750;    26.894;    88.366; 
 760;     -.756;    26.897;    88.366; 
 761;     -.765;    26.902;    88.366; 
 762;     -.774;    26.907;    88.366; 
 763;     -.776;    26.907;    88.366; 
 764;     -.777;    26.907;    88.366; 
 765;     -.781;    26.909;    88.366; 
 766;     -.784;    26.910;    88.366; 
 767;     -.786;    26.910;    88.366; 
 768;     -.790;    26.911;    88.366; 
 769;     -.791;    26.911;    88.366; 
 770;     -.800;    26.914;    88.366; 
 771;     -.810;    26.916;    88.366; 
 772;     -.816;    26.918;    88.366; 
 773;     -.819;    26.918;    88.366; 
 774;     -.823;    26.919;    88.366; 
 775;     -.828;    26.920;    88.366; 
 776;     -.835;    26.921;    88.366; 
 777;     -.840;    26.921;    88.366; 
 778;     -.847;    26.922;    88.366; 
 779;     -.852;    26.922;    88.366; 
 780;     -.858;    26.923;    88.366; 
 781;     -.863;    26.923;    88.366; 
 782;     -.870;    26.923;    88.366; 
 783;     -.876;    26.923;    88.366; 
 784;     -.883;    26.923;    88.366; 
 785;     -.892;    26.922;    88.366; 
 786;     -.900;    26.922;    88.366; 
 787;     -.908;    26.922;    88.366; 
 788;     -.918;    26.921;    88.366; 
 789;     -.929;    26.921;    88.366; 
 790;     -.940;    26.920;    88.366; 
 791;     -.950;    26.920;    88.366; 
 792;     -.960;    26.920;    88.366; 
 793;     -.972;    26.919;    88.366; 
 794;     -.983;    26.919;    88.366; 
 795;     -.994;    26.918;    88.366; 
 796;    -1.005;    26.918;    88.366; 
 797;    -1.015;    26.918;    88.366; 
 798;    -1.031;    26.917;    88.366; 
 799;    -1.044;    26.917;    88.366; 
 800;    -1.057;    26.917;    88.366; 
 801;    -1.063;    26.917;    88.366; 
 802;    -1.071;    26.917;    88.366; 
 803;    -1.076;    26.917;    88.366; 
 804;    -1.081;    26.916;    88.366; 
 805;    -1.086;    26.916;    88.366; 
 806;    -1.095;    26.915;    88.366; 
 807;    -1.102;    26.914;    88.366; 
 808;    -1.115;    26.913;    88.366; 
 809;    -1.132;    26.912;    88.366; 
 810;    -1.146;    26.911;    88.366; 
 811;    -1.160;    26.911;    88.366; 
 812;    -1.169;    26.911;    88.366; 
 813;    -1.179;    26.910;    88.366; 
 814;    -1.190;    26.910;    88.366; 
 815;    -1.202;    26.909;    88.366; 
 816;    -1.215;    26.909;    88.366; 
 817;    -1.223;    26.909;    88.366; 
 818;    -1.232;    26.908;    88.366; 
 819;    -1.243;    26.908;    88.366; 
 820;    -1.252;    26.907;    88.366; 
 821;    -1.267;    26.907;    88.366; 
 822;    -1.278;    26.906;    88.366; 
 823;    -1.288;    26.906;    88.366; 
 824;    -1.298;    26.906;    88.366; 
 825;    -1.309;    26.905;    88.366; 
 826;    -1.320;    26.905;    88.366; 
 827;    -1.330;    26.905;    88.366; 
 828;    -1.340;    26.904;    88.366; 
 829;    -1.349;    26.904;    88.366; 
 830;    -1.356;    26.903;    88.366; 
 831;    -1.360;    26.903;    88.366; 
 832;    -1.372;    26.902;    88.366; 
 833;    -1.381;    26.901;    88.366; 
 834;    -1.390;    26.900;    88.366; 
 835;    -1.396;    26.899;    88.366; 
 836;    -1.402;    26.899;    88.366; 
 837;    -1.407;    26.898;    88.366; 
 838;    -1.414;    26.896;    88.366; 
 839;    -1.419;    26.895;    88.366; 
 840;    -1.423;    26.894;    88.366; 
 841;    -1.427;    26.893;    88.366; 
 842;    -1.430;    26.892;    88.366; 
 843;    -1.434;    26.891;    88.366; 
 844;    -1.437;    26.890;    88.366; 
 845;    -1.444;    26.887;    88.366; 
 846;    -1.451;    26.884;    88.366; 
 847;    -1.453;    26.883;    88.366; 
 848;    -1.458;    26.881;    88.366; 
 849;    -1.464;    26.878;    88.366; 
 850;    -1.472;    26.874;    88.366; 
 851;    -1.477;    26.872;    88.366; 
 852;    -1.484;    26.868;    88.366; 
 853;    -1.487;    26.867;    88.366; 
 854;    -1.489;    26.865;    88.366; 
 855;    -1.492;    26.863;    88.366; 
 856;    -1.495;    26.861;    88.366; 
 857;    -1.497;    26.859;    88.366; 
 858;    -1.501;    26.856;    88.366; 
 859;    -1.506;    26.852;    88.366; 
 860;    -1.507;    26.851;    88.366; 
 861;    -1.513;    26.846;    88.366; 
 862;    -1.513;    26.845;    88.366; 
 863;    -1.518;    26.840;    88.366; 
 864;    -1.519;    26.838;    88.366; 
 865;    -1.524;    26.833;    88.366; 
 866;    -1.527;    26.829;    88.366; 
 867;    -1.532;    26.823;    88.366; 
 868;    -1.537;    26.817;    88.366; 
 869;    -1.538;    26.816;    88.366; 
 870;    -1.544;    26.808;    88.366; 
 871;    -1.545;    26.806;    88.366; 
 872;    -1.551;    26.797;    88.366; 
 873;    -1.553;    26.793;    88.366; 
 874;    -1.559;    26.784;    88.366; 
 875;    -1.560;    26.783;    88.366; 
 876;    -1.565;    26.773;    88.366; 
 877;    -1.568;    26.768;    88.366; 
 878;    -1.569;    26.765;    88.366; 
 879;    -1.573;    26.757;    88.366; 
 880;    -1.574;    26.754;    88.366; 
 881;    -1.577;    26.748;    88.366; 
 882;    -1.580;    26.741;    88.366; 
 883;    -1.581;    26.736;    88.366; 
 884;    -1.580;    26.739;    88.366; 
 885;    -1.583;    26.731;    88.366; 
 886;    -1.583;    26.728;    88.366; 
 887;    -1.584;    26.723;    88.366; 
 888;    -1.590;    26.704;    88.366; 
 889;    -1.599;    26.677;    88.366; 
 890;    -1.605;    26.661;    88.366; 
 891;    -1.609;    26.650;    88.366; 
 892;    -1.611;    26.645;    88.366; 
 893;    -1.613;    26.638;    88.366; 
 894;    -1.615;    26.633;    88.366; 
 895;    -1.617;    26.626;    88.366; 
 896;    -1.620;    26.616;    88.366; 
 897;    -1.626;    26.600;    88.366; 
 898;    -1.633;    26.581;    88.366; 
 899;    -1.637;    26.571;    88.366; 
 900;    -1.639;    26.566;    88.366; 
 901;    -1.640;    26.563;    88.366; 
 902;    -1.643;    26.553;    88.366; 
 903;    -1.645;    26.546;    88.366; 
 904;    -1.651;    26.529;    88.366; 
 905;    -1.654;    26.520;    88.366; 
 906;    -1.660;    26.505;    88.366; 
 907;    -1.662;    26.498;    88.366; 
 908;    -1.666;    26.486;    88.366; 
 909;    -1.668;    26.481;    88.366; 
 910;    -1.672;    26.469;    88.366; 
 911;    -1.677;    26.456;    88.366; 
 912;    -1.680;    26.446;    88.366; 
 913;    -1.683;    26.438;    88.366; 
 914;    -1.687;    26.429;    88.366; 
 915;    -1.689;    26.420;    88.366; 
 916;    -1.693;    26.410;    88.366; 
 917;    -1.696;    26.401;    88.366; 
 918;    -1.699;    26.392;    88.366; 
 919;    -1.703;    26.380;    88.366; 
 920;    -1.707;    26.368;    88.366; 
 921;    -1.711;    26.358;    88.366; 
 922;    -1.714;    26.348;    88.366; 
 923;    -1.716;    26.341;    88.366; 
 924;    -1.720;    26.331;    88.366; 
 925;    -1.723;    26.321;    88.366; 
 926;    -1.727;    26.310;    88.366; 
 927;    -1.728;    26.305;    88.366; 
 928;    -1.731;    26.294;    88.366; 
 929;    -1.735;    26.283;    88.366; 
 930;    -1.739;    26.271;    88.366; 
 931;    -1.742;    26.262;    88.366; 
 932;    -1.744;    26.254;    88.366; 
 933;    -1.748;    26.242;    88.366; 
 934;    -1.751;    26.233;    88.366; 
 935;    -1.755;    26.220;    88.366; 
 936;    -1.760;    26.207;    88.366; 
 937;    -1.763;    26.198;    88.366; 
 938;    -1.765;    26.190;    88.366; 
 939;    -1.768;    26.180;    88.366; 
 940;    -1.771;    26.172;    88.366; 
 941;    -1.773;    26.164;    88.366; 
 942;    -1.776;    26.156;    88.366; 
 943;    -1.778;    26.147;    88.366; 
 944;    -1.783;    26.132;    88.366; 
 945;    -1.786;    26.122;    88.366; 
 946;    -1.790;    26.110;    88.366; 
 947;    -1.794;    26.099;    88.366; 
 948;    -1.797;    26.090;    88.366; 
 949;    -1.799;    26.083;    88.366; 
 950;    -1.802;    26.072;    88.366; 
 951;    -1.803;    26.068;    88.366; 
 952;    -1.805;    26.062;    88.366; 
 953;    -1.807;    26.051;    88.366; 
 954;    -1.811;    26.039;    88.366; 
 955;    -1.816;    26.022;    88.366; 
 956;    -1.820;    26.009;    88.366; 
 957;    -1.822;    26.000;    88.366; 
 958;    -1.827;    25.986;    88.366; 
 959;    -1.828;    25.982;    88.366; 
 960;    -1.830;    25.976;    88.366; 
 961;    -1.834;    25.961;    88.366; 
 962;    -1.837;    25.953;    88.366; 
 963;    -1.839;    25.944;    88.366; 
 964;    -1.842;    25.934;    88.366; 
 965;    -1.846;    25.920;    88.366; 
 966;    -1.848;    25.913;    88.366; 
 967;    -1.850;    25.907;    88.366; 
 968;    -1.854;    25.894;    88.366; 
 969;    -1.855;    25.890;    88.366; 
 970;    -1.858;    25.878;    88.366; 
 971;    -1.862;    25.864;    88.366; 
 972;    -1.865;    25.854;    88.366; 
 973;    -1.865;    25.851;    88.366; 
 974;    -1.868;    25.841;    88.366; 
 975;    -1.869;    25.836;    88.366; 
 976;    -1.872;    25.822;    88.366; 
 977;    -1.874;    25.813;    88.366; 
 978;    -1.877;    25.800;    88.366; 
 979;    -1.882;    25.783;    88.366; 
 980;    -1.887;    25.766;    88.366; 
 981;    -1.891;    25.754;    88.366; 
 982;    -1.895;    25.744;    88.366; 
 983;    -1.899;    25.731;    88.366; 
 984;    -1.900;    25.728;    88.366; 
 985;    -1.901;    25.722;    88.366; 
 986;    -1.903;    25.714;    88.366; 
 987;    -1.906;    25.706;    88.366; 
 988;    -1.908;    25.698;    88.366; 
 989;    -1.911;    25.686;    88.366; 
 990;    -1.913;    25.677;    88.366; 
 991;    -1.915;    25.666;    88.366; 
 992;    -1.917;    25.658;    88.366; 
 993;    -1.919;    25.649;    88.366; 
 994;    -1.922;    25.638;    88.366; 
 995;    -1.924;    25.629;    88.366; 
 996;    -1.925;    25.623;    88.366; 
 997;    -1.929;    25.607;    88.366; 
 998;    -1.934;    25.587;    88.366; 
 999;    -1.938;    25.572;    88.366; 
1000;    -1.939;    25.568;    88.366; 
1001;    -1.942;    25.558;    88.366; 
1002;    -1.945;    25.547;    88.366; 
1003;    -1.947;    25.539;    88.366; 
1004;    -1.949;    25.530;    88.366; 
1005;    -1.951;    25.521;    88.366; 
1006;    -1.954;    25.509;    88.366; 
1007;    -1.956;    25.502;    88.366; 
1008;    -1.958;    25.494;    88.366; 
1009;    -1.959;    25.488;    88.366; 
1010;    -1.960;    25.481;    88.366; 
1011;    -1.961;    25.474;    88.366; 
1012;    -1.965;    25.457;    88.366; 
1013;    -1.971;    25.431;    88.366; 
1014;    -1.974;    25.419;    88.366; 
1015;    -1.975;    25.417;    88.366; 
1016;    -1.978;    25.405;    88.366; 
1017;    -1.980;    25.396;    88.366; 
1018;    -1.983;    25.384;    88.366; 
1019;    -1.984;    25.379;    88.366; 
1020;    -1.986;    25.371;    88.366; 
1021;    -1.987;    25.364;    88.366; 
1022;    -1.989;    25.353;    88.366; 
1023;    -1.992;    25.339;    88.366; 
1024;    -1.994;    25.329;    88.366; 
1025;    -1.995;    25.324;    88.366; 
1026;    -1.996;    25.318;    88.366; 
1027;    -1.999;    25.306;    88.366; 
1028;    -2.000;    25.296;    88.366; 
1029;    -2.003;    25.284;    88.366; 
1030;    -2.005;    25.275;    88.366; 
1031;    -2.008;    25.257;    88.366; 
1032;    -2.011;    25.248;    88.366; 
1033;    -2.012;    25.241;    88.366; 
1034;    -2.015;    25.227;    88.366; 
1035;    -2.015;    25.226;    88.366; 
1036;    -2.017;    25.215;    88.366; 
1037;    -2.018;    25.206;    88.366; 
1038;    -2.019;    25.198;    88.366; 
1039;    -2.021;    25.190;    88.366; 
1040;    -2.022;    25.181;    88.366; 
1041;    -2.024;    25.170;    88.366; 
1042;    -2.029;    25.141;    88.366; 
1043;    -2.032;    25.129;    88.366; 
1044;    -2.035;    25.118;    88.366; 
1045;    -2.036;    25.113;    88.366; 
1046;    -2.037;    25.107;    88.366; 
1047;    -2.039;    25.099;    88.366; 
1048;    -2.040;    25.093;    88.366; 
1049;    -2.039;    25.092;    88.366; 
1050;    -2.041;    25.083;    88.366; 
1051;    -2.042;    25.069;    88.366; 
1052;    -2.045;    25.051;    88.366; 
1053;    -2.049;    25.032;    88.366; 
1054;    -2.050;    25.027;    88.366; 
1055;    -2.051;    25.022;    88.366; 
1056;    -2.052;    25.011;    88.366; 
1057;    -2.053;    25.005;    88.366; 
1058;    -2.054;    24.997;    88.366; 
1059;    -2.056;    24.986;    88.366; 
1060;    -2.056;    24.983;    88.366; 
1061;    -2.056;    24.977;    88.366; 
1062;    -2.057;    24.972;    88.366; 
1063;    -2.058;    24.953;    88.366; 
1064;    -2.061;    24.932;    88.366; 
1065;    -2.064;    24.914;    88.366; 
1066;    -2.064;    24.911;    88.366; 
1067;    -2.065;    24.908;    88.366; 
1068;    -2.065;    24.901;    88.366; 
1069;    -2.070;    24.870;    88.366; 
1070;    -2.078;    24.839;    88.366; 
1071;    -2.080;    24.830;    88.366; 
1072;    -2.080;    24.829;    88.366; 
1073;    -2.081;    24.823;    88.366; 
1074;    -2.081;    24.821;    88.366; 
1075;    -2.084;    24.807;    88.366; 
1076;    -2.091;    24.779;    88.366; 
1077;    -2.099;    24.751;    88.366; 
1078;    -2.104;    24.738;    88.366; 
1079;    -2.112;    24.718;    88.366; 
1080;    -2.126;    24.688;    88.366; 
1081;    -2.168;    24.630;    88.366; 
1082;    -2.290;    24.556;    88.366; 
1083;    -2.330;    24.546;    88.366; 
1084;    -2.354;    24.543;    88.366; 
1085;    -2.363;    24.542;    88.366; 
1086;    -2.377;    24.540;    88.366; 
1087;    -2.391;    24.539;    88.366; 
1088;    -2.406;    24.537;    88.366; 
1089;    -2.418;    24.536;    88.366; 
1090;    -2.422;    24.536;    88.366; 
1091;    -2.425;    24.535;    88.366; 
1092;    -2.433;    24.534;    88.366; 
1093;    -2.448;    24.532;    88.366; 
1094;    -2.460;    24.531;    88.366; 
1095;    -2.477;    24.529;    88.366; 
1096;    -2.498;    24.528;    88.366; 
1097;    -2.507;    24.527;    88.366; 
1098;    -2.514;    24.527;    88.366; 
1099;    -2.519;    24.526;    88.366; 
1100;    -2.525;    24.526;    88.366; 
1101;    -2.529;    24.525;    88.366; 
1102;    -2.545;    24.523;    88.366; 
1103;    -2.565;    24.521;    88.366; 
1104;    -2.579;    24.521;    88.366; 
1105;    -2.586;    24.520;    88.366; 
1106;    -2.594;    24.519;    88.366; 
1107;    -2.601;    24.519;    88.366; 
1108;    -2.608;    24.518;    88.366; 
1109;    -2.622;    24.516;    88.366; 
1110;    -2.632;    24.515;    88.366; 
1111;    -2.636;    24.515;    88.366; 
1112;    -2.650;    24.513;    88.366; 
1113;    -2.657;    24.512;    88.366; 
1114;    -2.673;    24.510;    88.366; 
1115;    -2.698;    24.509;    88.366; 
1116;    -2.717;    24.508;    88.366; 
1117;    -2.736;    24.508;    88.366; 
1118;    -2.794;    24.517;    88.366; 
1119;    -2.888;    24.559;    88.366; 
1120;    -2.929;    24.594;    88.366; 
1121;    -2.986;    24.677;    88.366; 
1122;    -2.995;    24.699;    88.366; 
1123;    -3.000;    24.711;    88.366; 
1124;    -3.004;    24.721;    88.366; 
1125;    -3.007;    24.729;    88.366; 
1126;    -3.010;    24.737;    88.366; 
1127;    -3.016;    24.751;    88.366; 
1128;    -3.019;    24.760;    88.366; 
1129;    -3.024;    24.772;    88.366; 
1130;    -3.027;    24.782;    88.366; 
1131;    -3.031;    24.790;    88.366; 
1132;    -3.034;    24.797;    88.366; 
1133;    -3.040;    24.815;    88.366; 
1134;    -3.045;    24.828;    88.366; 
1135;    -3.049;    24.839;    88.366; 
1136;    -3.051;    24.847;    88.366; 
1137;    -3.053;    24.852;    88.366; 
1138;    -3.056;    24.857;    88.366; 
1139;    -3.061;    24.871;    88.366; 
1140;    -3.064;    24.879;    88.366; 
1141;    -3.070;    24.894;    88.366; 
1142;    -3.076;    24.914;    88.366; 
1143;    -3.079;    24.923;    88.366; 
1144;    -3.081;    24.928;    88.366; 
1145;    -3.083;    24.933;    88.366; 
1146;    -3.085;    24.940;    88.366; 
1147;    -3.087;    24.944;    88.366; 
1148;    -3.091;    24.953;    88.366; 
1149;    -3.094;    24.961;    88.366; 
1150;    -3.099;    24.974;    88.366; 
1151;    -3.103;    24.982;    88.366; 
1152;    -3.107;    24.994;    88.366; 
1153;    -3.112;    25.006;    88.366; 
1154;    -3.115;    25.013;    88.366; 
1155;    -3.119;    25.023;    88.366; 
1156;    -3.122;    25.030;    88.366; 
1157;    -3.125;    25.039;    88.366; 
1158;    -3.128;    25.046;    88.366; 
1159;    -3.132;    25.055;    88.366; 
1160;    -3.136;    25.065;    88.366; 
1161;    -3.138;    25.068;    88.366; 
1162;    -3.143;    25.080;    88.366; 
1163;    -3.150;    25.096;    88.366; 
1164;    -3.156;    25.111;    88.366; 
1165;    -3.159;    25.116;    88.366; 
1166;    -3.160;    25.120;    88.366; 
1167;    -3.163;    25.125;    88.366; 
1168;    -3.168;    25.137;    88.366; 
1169;    -3.179;    25.165;    88.366; 
1170;    -3.182;    25.172;    88.366; 
1171;    -3.184;    25.177;    88.366; 
1172;    -3.188;    25.187;    88.366; 
1173;    -3.190;    25.190;    88.366; 
1174;    -3.193;    25.198;    88.366; 
1175;    -3.197;    25.206;    88.366; 
1176;    -3.200;    25.212;    88.366; 
1177;    -3.204;    25.221;    88.366; 
1178;    -3.209;    25.231;    88.366; 
1179;    -3.214;    25.243;    88.366; 
1180;    -3.223;    25.262;    88.366; 
1181;    -3.226;    25.270;    88.366; 
1182;    -3.230;    25.279;    88.366; 
1183;    -3.232;    25.284;    88.366; 
1184;    -3.237;    25.294;    88.366; 
1185;    -3.241;    25.303;    88.366; 
1186;    -3.247;    25.317;    88.366; 
1187;    -3.250;    25.324;    88.366; 
1188;    -3.253;    25.329;    88.366; 
1189;    -3.257;    25.340;    88.366; 
1190;    -3.261;    25.347;    88.366; 
1191;    -3.264;    25.354;    88.366; 
1192;    -3.269;    25.362;    88.366; 
1193;    -3.274;    25.373;    88.366; 
1194;    -3.279;    25.384;    88.366; 
1195;    -3.285;    25.395;    88.366; 
1196;    -3.292;    25.410;    88.366; 
1197;    -3.295;    25.419;    88.366; 
1198;    -3.299;    25.426;    88.366; 
1199;    -3.303;    25.435;    88.366; 
1200;    -3.304;    25.436;    88.366; 
1201;    -3.309;    25.445;    88.366; 
1202;    -3.318;    25.465;    88.366; 
1203;    -3.325;    25.481;    88.366; 
1204;    -3.328;    25.488;    88.366; 
1205;    -3.330;    25.492;    88.366; 
1206;    -3.334;    25.501;    88.366; 
1207;    -3.338;    25.508;    88.366; 
1208;    -3.341;    25.516;    88.366; 
1209;    -3.345;    25.523;    88.366; 
1210;    -3.347;    25.526;    88.366; 
1211;    -3.353;    25.537;    88.366; 
1212;    -3.355;    25.541;    88.366; 
1213;    -3.359;    25.548;    88.366; 
1214;    -3.366;    25.561;    88.366; 
1215;    -3.373;    25.574;    88.366; 
1216;    -3.379;    25.586;    88.366; 
1217;    -3.384;    25.595;    88.366; 
1218;    -3.391;    25.610;    88.366; 
1219;    -3.397;    25.622;    88.366; 
1220;    -3.403;    25.634;    88.366; 
1221;    -3.407;    25.644;    88.366; 
1222;    -3.410;    25.650;    88.366; 
1223;    -3.413;    25.657;    88.366; 
1224;    -3.414;    25.658;    88.366; 
1225;    -3.421;    25.670;    88.366; 
1226;    -3.427;    25.682;    88.366; 
1227;    -3.433;    25.693;    88.366; 
1228;    -3.438;    25.703;    88.366; 
1229;    -3.441;    25.710;    88.366; 
1230;    -3.445;    25.716;    88.366; 
1231;    -3.449;    25.724;    88.366; 
1232;    -3.453;    25.732;    88.366; 
1233;    -3.458;    25.740;    88.366; 
1234;    -3.466;    25.755;    88.366; 
1235;    -3.468;    25.758;    88.366; 
1236;    -3.474;    25.770;    88.366; 
1237;    -3.480;    25.781;    88.366; 
1238;    -3.486;    25.793;    88.366; 
1239;    -3.492;    25.805;    88.366; 
1240;    -3.496;    25.810;    88.366; 
1241;    -3.502;    25.823;    88.366; 
1242;    -3.506;    25.829;    88.366; 
1243;    -3.509;    25.835;    88.366; 
1244;    -3.516;    25.847;    88.366; 
1245;    -3.524;    25.864;    88.366; 
1246;    -3.530;    25.874;    88.366; 
1247;    -3.535;    25.885;    88.366; 
1248;    -3.534;    25.883;    88.366; 
1249;    -3.539;    25.892;    88.366; 
1250;    -3.543;    25.899;    88.366; 
1251;    -3.549;    25.908;    88.366; 
1252;    -3.554;    25.918;    88.366; 
1253;    -3.556;    25.921;    88.366; 
1254;    -3.563;    25.932;    88.366; 
1255;    -3.573;    25.951;    88.366; 
1256;    -3.579;    25.963;    88.366; 
1257;    -3.584;    25.973;    88.366; 
1258;    -3.585;    25.974;    88.366; 
1259;    -3.590;    25.981;    88.366; 
1260;    -3.594;    25.989;    88.366; 
1261;    -3.600;    25.999;    88.366; 
1262;    -3.604;    26.006;    88.366; 
1263;    -3.610;    26.016;    88.366; 
1264;    -3.618;    26.030;    88.366; 
1265;    -3.623;    26.040;    88.366; 
1266;    -3.628;    26.048;    88.366; 
1267;    -3.634;    26.060;    88.366; 
1268;    -3.639;    26.069;    88.366; 
1269;    -3.643;    26.075;    88.366; 
1270;    -3.647;    26.083;    88.366; 
1271;    -3.651;    26.090;    88.366; 
1272;    -3.657;    26.101;    88.366; 
1273;    -3.662;    26.109;    88.366; 
1274;    -3.665;    26.114;    88.366; 
1275;    -3.672;    26.125;    88.366; 
1276;    -3.677;    26.135;    88.366; 
1277;    -3.680;    26.138;    88.366; 
1278;    -3.688;    26.152;    88.366; 
1279;    -3.692;    26.159;    88.366; 
1280;    -3.698;    26.169;    88.366; 
1281;    -3.704;    26.178;    88.366; 
1282;    -3.710;    26.188;    88.366; 
1283;    -3.718;    26.203;    88.366; 
1284;    -3.723;    26.211;    88.366; 
1285;    -3.727;    26.218;    88.366; 
1286;    -3.730;    26.223;    88.366; 
1287;    -3.735;    26.231;    88.366; 
1288;    -3.740;    26.238;    88.366; 
1289;    -3.748;    26.252;    88.366; 
1290;    -3.753;    26.261;    88.366; 
1291;    -3.757;    26.267;    88.366; 
1292;    -3.764;    26.279;    88.366; 
1293;    -3.768;    26.285;    88.366; 
1294;    -3.771;    26.291;    88.366; 
1295;    -3.777;    26.301;    88.366; 
1296;    -3.783;    26.310;    88.366; 
1297;    -3.792;    26.324;    88.366; 
1298;    -3.795;    26.330;    88.366; 
1299;    -3.799;    26.336;    88.366; 
1300;    -3.804;    26.344;    88.366; 
1301;    -3.812;    26.357;    88.366; 
1302;    -3.818;    26.367;    88.366; 
1303;    -3.822;    26.373;    88.366; 
1304;    -3.828;    26.382;    88.366; 
1305;    -3.833;    26.391;    88.366; 
1306;    -3.838;    26.399;    88.366; 
1307;    -3.845;    26.411;    88.366; 
1308;    -3.849;    26.418;    88.366; 
1309;    -3.854;    26.425;    88.366; 
1310;    -3.857;    26.430;    88.366; 
1311;    -3.863;    26.439;    88.366; 
1312;    -3.871;    26.452;    88.366; 
1313;    -3.881;    26.467;    88.366; 
1314;    -3.885;    26.474;    88.366; 
1315;    -3.889;    26.480;    88.366; 
1316;    -3.894;    26.489;    88.366; 
1317;    -3.897;    26.493;    88.366; 
1318;    -3.902;    26.501;    88.366; 
1319;    -3.907;    26.508;    88.366; 
1320;    -3.912;    26.515;    88.366; 
1321;    -3.917;    26.523;    88.366; 
1322;    -3.919;    26.525;    88.366; 
1323;    -3.926;    26.534;    88.366; 
1324;    -3.929;    26.537;    88.366; 
1325;    -3.931;    26.539;    88.366; 
1326;    -3.937;    26.546;    88.366; 
1327;    -3.938;    26.548;    88.366; 
1328;    -3.943;    26.552;    88.366; 
1329;    -3.944;    26.554;    88.366; 
1330;    -3.948;    26.558;    88.366; 
1331;    -3.952;    26.561;    88.366; 
1332;    -3.954;    26.562;    88.366; 
1333;    -3.957;    26.564;    88.366; 
1334;    -3.963;    26.568;    88.366; 
1335;    -3.970;    26.574;    88.366; 
1336;    -3.974;    26.576;    88.366; 
1337;    -3.980;    26.581;    88.366; 
1338;    -3.984;    26.583;    88.366; 
1339;    -3.985;    26.583;    88.366; 
1340;    -3.989;    26.585;    88.366; 
1341;    -3.987;    26.584;    88.366; 
1342;    -3.992;    26.586;    88.366; 
1343;    -3.994;    26.587;    88.366; 
1344;    -4.001;    26.589;    88.366; 
1345;    -4.009;    26.592;    88.366; 
1346;    -4.017;    26.595;    88.366; 
1347;    -4.024;    26.598;    88.366; 
1348;    -4.035;    26.602;    88.366; 
1349;    -4.035;    26.602;    88.366; 
1350;    -4.042;    26.603;    88.366; 
1351;    -4.044;    26.604;    88.366; 
1352;    -4.048;    26.605;    88.366; 
1353;    -4.048;    26.604;    88.366; 
1354;    -4.054;    26.605;    88.366; 
1355;    -4.057;    26.606;    88.366; 
1356;    -4.062;    26.606;    88.366; 
1357;    -4.061;    26.606;    88.366; 
1358;    -4.066;    26.606;    88.366; 
1359;    -4.069;    26.606;    88.366; 
1360;    -4.073;    26.605;    88.366; 
1361;    -4.076;    26.605;    88.366; 
1362;    -4.077;    26.605;    88.366; 
1363;    -4.080;    26.604;    88.366; 
1364;    -4.086;    26.603;    88.366; 
1365;    -4.097;    26.602;    88.366; 
1366;    -4.136;    26.599;    88.366; 
1367;    -4.149;    26.599;    88.366; 
1368;    -4.153;    26.599;    88.366; 
1369;    -4.159;    26.598;    88.366; 
1370;    -4.165;    26.598;    88.366; 
1371;    -4.165;    26.597;    88.366; 
1372;    -4.170;    26.597;    88.366; 
1373;    -4.172;    26.596;    88.366; 
1374;    -4.179;    26.595;    88.366; 
1375;    -4.189;    26.593;    88.366; 
1376;    -4.213;    26.589;    88.366; 
1377;    -4.225;    26.587;    88.366; 
1378;    -4.232;    26.586;    88.366; 
1379;    -4.237;    26.585;    88.366; 
[B]
   1;     2.950;    26.821;    88.398; 
   2;     2.938;    26.822;    88.398; 
   3;     2.929;    26.822;    88.398; 
   4;     2.905;    26.825;    88.398; 
   5;     2.888;    26.828;    88.398; 
   6;     2.878;    26.830;    88.398; 
   7;     2.871;    26.831;    88.398; 
   8;     2.867;    26.832;    88.398; 
   9;     2.863;    26.832;    88.398; 
  10;     2.852;    26.833;    88.398; 
  11;     2.840;    26.834;    88.398; 
  12;     2.823;    26.836;    88.398; 
  13;     2.815;    26.838;    88.398; 
  14;     2.806;    26.839;    88.398; 
  15;     2.798;    26.839;    88.398; 
  16;     2.791;    26.840;    88.398; 
  17;     2.778;    26.842;    88.398; 
  18;     2.766;    26.843;    88.398; 
  19;     2.760;    26.843;    88.398; 
  20;     2.757;    26.844;    88.398; 
  21;     2.752;    26.844;    88.398; 
  22;     2.740;    26.844;    88.398; 
  23;     2.721;    26.846;    88.398; 
  24;     2.705;    26.848;    88.398; 
  25;     2.701;    26.848;    88.398; 
  26;     2.698;    26.848;    88.398; 
  27;     2.694;    26.848;    88.398; 
  28;     2.692;    26.848;    88.398; 
  29;     2.690;    26.847;    88.398; 
  30;     2.687;    26.847;    88.398; 
  31;     2.684;    26.847;    88.398; 
  32;     2.681;    26.846;    88.398; 
  33;     2.677;    26.845;    88.398; 
  34;     2.672;    26.844;    88.398; 
  35;     2.671;    26.844;    88.398; 
  36;     2.664;    26.842;    88.398; 
  37;     2.658;    26.840;    88.398; 
  38;     2.651;    26.838;    88.398; 
  39;     2.647;    26.837;    88.398; 
  40;     2.643;    26.835;    88.398; 
  41;     2.640;    26.834;    88.398; 
  42;     2.636;    26.833;    88.398; 
  43;     2.632;    26.831;    88.398; 
  44;     2.628;    26.828;    88.398; 
  45;     2.622;    26.826;    88.398; 
  46;     2.616;    26.823;    88.398; 
  47;     2.611;    26.820;    88.398; 
  48;     2.610;    26.819;    88.398; 
  49;     2.605;    26.816;    88.398; 
  50;     2.604;    26.815;    88.398; 
  51;     2.601;    26.812;    88.398; 
  52;     2.600;    26.811;    88.398; 
  53;     2.598;    26.810;    88.398; 
  54;     2.595;    26.807;    88.398; 
  55;     2.591;    26.803;    88.398; 
  56;     2.585;    26.797;    88.398; 
  57;     2.583;    26.795;    88.398; 
  58;     2.574;    26.786;    88.398; 
  59;     2.566;    26.778;    88.398; 
  60;     2.563;    26.775;    88.398; 
  61;     2.555;    26.767;    88.398; 
  62;     2.551;    26.763;    88.398; 
  63;     2.548;    26.759;    88.398; 
  64;     2.546;    26.756;    88.398; 
  65;     2.542;    26.751;    88.398; 
  66;     2.537;    26.745;    88.398; 
  67;     2.533;    26.739;    88.398; 
  68;     2.528;    26.732;    88.398; 
  69;     2.526;    26.728;    88.398; 
  70;     2.521;    26.721;    88.398; 
  71;     2.518;    26.716;    88.398; 
  72;     2.517;    26.714;    88.398; 
  73;     2.513;    26.707;    88.398; 
  74;     2.509;    26.699;    88.398; 
  75;     2.507;    26.695;    88.398; 
  76;     2.500;    26.682;    88.398; 
  77;     2.497;    26.675;    88.398; 
  78;     2.492;    26.667;    88.398; 
  79;     2.480;    26.644;    88.398; 
  80;     2.471;    26.629;    88.398; 
  81;     2.466;    26.621;    88.398; 
  82;     2.463;    26.616;    88.398; 
  83;     2.456;    26.605;    88.398; 
  84;     2.455;    26.602;    88.398; 
  85;     2.450;    26.593;    88.398; 
  86;     2.443;    26.582;    88.398; 
  87;     2.440;    26.576;    88.398; 
  88;     2.435;    26.566;    88.398; 
  89;     2.431;    26.558;    88.398; 
  90;     2.425;    26.548;    88.398; 
  91;     2.420;    26.538;    88.398; 
  92;     2.414;    26.528;    88.398; 
  93;     2.408;    26.518;    88.398; 
  94;     2.404;    26.511;    88.398; 
  95;     2.399;    26.501;    88.398; 
  96;     2.395;    26.493;    88.398; 
  97;     2.390;    26.483;    88.398; 
  98;     2.385;    26.475;    88.398; 
  99;     2.381;    26.467;    88.398; 
 100;     2.375;    26.455;    88.398; 
 101;     2.371;    26.448;    88.398; 
 102;     2.361;    26.430;    88.398; 
 103;     2.358;    26.425;    88.398; 
 104;     2.353;    26.416;    88.398; 
 105;     2.346;    26.403;    88.398; 
 106;     2.344;    26.398;    88.398; 
 107;     2.339;    26.389;    88.398; 
 108;     2.334;    26.380;    88.398; 
 109;     2.329;    26.372;    88.398; 
 110;     2.327;    26.368;    88.398; 
 111;     2.322;    26.358;    88.398; 
 112;     2.318;    26.350;    88.398; 
 113;     2.314;    26.340;    88.398; 
 114;     2.309;    26.331;    88.398; 
 115;     2.302;    26.318;    88.398; 
 116;     2.297;    26.308;    88.398; 
 117;     2.290;    26.295;    88.398; 
 118;     2.285;    26.285;    88.398; 
 119;     2.279;    26.275;    88.398; 
 120;     2.280;    26.276;    88.398; 
 121;     2.275;    26.265;    88.398; 
 122;     2.274;    26.262;    88.398; 
 123;     2.270;    26.254;    88.398; 
 124;     2.266;    26.245;    88.398; 
 125;     2.258;    26.228;    88.398; 
 126;     2.242;    26.200;    88.398; 
 127;     2.237;    26.190;    88.398; 
 128;     2.236;    26.190;    88.398; 
 129;     2.232;    26.182;    88.398; 
 130;     2.231;    26.179;    88.398; 
 131;     2.227;    26.172;    88.398; 
 132;     2.223;    26.163;    88.398; 
 133;     2.216;    26.148;    88.398; 
 134;     2.209;    26.136;    88.398; 
 135;     2.206;    26.130;    88.398; 
 136;     2.204;    26.125;    88.398; 
 137;     2.198;    26.113;    88.398; 
 138;     2.193;    26.103;    88.398; 
 139;     2.187;    26.091;    88.398; 
 140;     2.183;    26.084;    88.398; 
 141;     2.180;    26.078;    88.398; 
 142;     2.177;    26.072;    88.398; 
 143;     2.172;    26.061;    88.398; 
 144;     2.168;    26.053;    88.398; 
 145;     2.161;    26.038;    88.398; 
 146;     2.156;    26.028;    88.398; 
 147;     2.150;    26.016;    88.398; 
 148;     2.146;    26.007;    88.398; 
 149;     2.141;    25.999;    88.398; 
 150;     2.138;    25.992;    88.398; 
 151;     2.136;    25.987;    88.398; 
 152;     2.134;    25.981;    88.398; 
 153;     2.128;    25.969;    88.398; 
 154;     2.109;    25.934;    88.398; 
 155;     2.128;    25.972;    88.398; 
 156;     2.111;    25.932;    88.398; 
 157;     2.109;    25.929;    88.398; 
 158;     2.107;    25.923;    88.398; 
 159;     2.097;    25.902;    88.398; 
 160;     2.093;    25.895;    88.398; 
 161;     2.088;    25.884;    88.398; 
 162;     2.084;    25.874;    88.398; 
 163;     2.082;    25.871;    88.398; 
 164;     2.076;    25.859;    88.398; 
 165;     2.071;    25.848;    88.398; 
 166;     2.068;    25.841;    88.398; 
 167;     2.064;    25.831;    88.398; 
 168;     2.060;    25.823;    88.398; 
 169;     2.054;    25.810;    88.398; 
 170;     2.052;    25.805;    88.398; 
 171;     2.047;    25.795;    88.398; 
 172;     2.046;    25.792;    88.398; 
 173;     2.039;    25.776;    88.398; 
 174;     2.034;    25.765;    88.398; 
 175;     2.030;    25.756;    88.398; 
 176;     2.024;    25.744;    88.398; 
 177;     2.020;    25.736;    88.398; 
 178;     2.019;    25.732;    88.398; 
 179;     2.017;    25.726;    88.398; 
 180;     2.014;    25.720;    88.398; 
 181;     2.010;    25.710;    88.398; 
 182;     2.008;    25.703;    88.398; 
 183;     2.002;    25.688;    88.398; 
 184;     1.991;    25.663;    88.398; 
 185;     1.982;    25.645;    88.398; 
 186;     1.977;    25.637;    88.398; 
 187;     1.975;    25.633;    88.398; 
 188;     1.972;    25.625;    88.398; 
 189;     1.971;    25.623;    88.398; 
 190;     1.968;    25.616;    88.398; 
 191;     1.964;    25.606;    88.398; 
 192;     1.961;    25.599;    88.398; 
 193;     1.954;    25.582;    88.398; 
 194;     1.950;    25.574;    88.398; 
 195;     1.949;    25.570;    88.398; 
 196;     1.946;    25.563;    88.398; 
 197;     1.943;    25.556;    88.398; 
 198;     1.938;    25.543;    88.398; 
 199;     1.929;    25.522;    88.398; 
 200;     1.926;    25.513;    88.398; 
 201;     1.921;    25.502;    88.398; 
 202;     1.919;    25.497;    88.398; 
 203;     1.915;    25.487;    88.398; 
 204;     1.911;    25.479;    88.398; 
 205;     1.908;    25.470;    88.398; 
 206;     1.905;    25.464;    88.398; 
 207;     1.900;    25.451;    88.398; 
 208;     1.897;    25.444;    88.398; 
 209;     1.893;    25.434;    88.398; 
 210;     1.890;    25.425;    88.398; 
 211;     1.888;    25.419;    88.398; 
 212;     1.886;    25.413;    88.398; 
 213;     1.884;    25.408;    88.398; 
 214;     1.881;    25.399;    88.398; 
 215;     1.880;    25.393;    88.398; 
 216;     1.873;    25.374;    88.398; 
 217;     1.859;    25.340;    88.398; 
 218;     1.855;    25.331;    88.398; 
 219;     1.851;    25.322;    88.398; 
 220;     1.850;    25.320;    88.398; 
 221;     1.847;    25.313;    88.398; 
 222;     1.844;    25.306;    88.398; 
 223;     1.841;    25.298;    88.398; 
 224;     1.839;    25.291;    88.398; 
 225;     1.834;    25.278;    88.398; 
 226;     1.831;    25.271;    88.398; 
 227;     1.828;    25.262;    88.398; 
 228;     1.826;    25.254;    88.398; 
 229;     1.824;    25.249;    88.398; 
 230;     1.822;    25.243;    88.398; 
 231;     1.820;    25.236;    88.398; 
 232;     1.818;    25.227;    88.398; 
 233;     1.812;    25.208;    88.398; 
 234;     1.804;    25.186;    88.398; 
 235;     1.799;    25.174;    88.398; 
 236;     1.797;    25.168;    88.398; 
 237;     1.796;    25.165;    88.398; 
 238;     1.791;    25.152;    88.398; 
 239;     1.789;    25.145;    88.398; 
 240;     1.785;    25.134;    88.398; 
 241;     1.779;    25.118;    88.398; 
 242;     1.775;    25.107;    88.398; 
 243;     1.771;    25.096;    88.398; 
 244;     1.770;    25.093;    88.398; 
 245;     1.768;    25.086;    88.398; 
 246;     1.766;    25.079;    88.398; 
 247;     1.764;    25.071;    88.398; 
 248;     1.762;    25.066;    88.398; 
 249;     1.758;    25.053;    88.398; 
 250;     1.758;    25.051;    88.398; 
 251;     1.752;    25.031;    88.398; 
 252;     1.748;    25.017;    88.398; 
 253;     1.744;    25.006;    88.398; 
 254;     1.741;    24.996;    88.398; 
 255;     1.738;    24.987;    88.398; 
 256;     1.735;    24.979;    88.398; 
 257;     1.731;    24.964;    88.398; 
 258;     1.724;    24.945;    88.398; 
 259;     1.720;    24.934;    88.398; 
 260;     1.719;    24.931;    88.398; 
 261;     1.718;    24.929;    88.398; 
 262;     1.717;    24.925;    88.398; 
 263;     1.708;    24.896;    88.398; 
 264;     1.691;    24.859;    88.398; 
 265;     1.682;    24.843;    88.398; 
 266;     1.678;    24.836;    88.398; 
 267;     1.672;    24.825;    88.398; 
 268;     1.663;    24.810;    88.398; 
 269;     1.612;    24.748;    88.398; 
 270;     1.473;    24.683;    88.398; 
 271;     1.427;    24.680;    88.398; 
 272;     1.402;    24.680;    88.398; 
 273;     1.390;    24.681;    88.398; 
 274;     1.374;    24.682;    88.398; 
 275;     1.364;    24.682;    88.398; 
 276;     1.352;    24.683;    88.398; 
 277;     1.336;    24.685;    88.398; 
 278;     1.326;    24.685;    88.398; 
 279;     1.320;    24.686;    88.398; 
 280;     1.314;    24.686;    88.398; 
 281;     1.306;    24.686;    88.398; 
 282;     1.297;    24.687;    88.398; 
 283;     1.281;    24.688;    88.398; 
 284;     1.268;    24.688;    88.398; 
 285;     1.250;    24.690;    88.398; 
 286;     1.241;    24.691;    88.398; 
 287;     1.234;    24.691;    88.398; 
 288;     1.229;    24.692;    88.398; 
 289;     1.223;    24.692;    88.398; 
 290;     1.212;    24.692;    88.398; 
 291;     1.197;    24.693;    88.398; 
 292;     1.182;    24.694;    88.398; 
 293;     1.169;    24.695;    88.398; 
 294;     1.161;    24.696;    88.398; 
 295;     1.155;    24.696;    88.398; 
 296;     1.148;    24.696;    88.398; 
 297;     1.140;    24.697;    88.398; 
 298;     1.131;    24.697;    88.398; 
 299;     1.120;    24.697;    88.398; 
 300;     1.109;    24.698;    88.398; 
 301;     1.089;    24.699;    88.398; 
 302;     1.075;    24.700;    88.398; 
 303;     1.062;    24.702;    88.398; 
 304;     1.054;    24.702;    88.398; 
 305;     1.028;    24.706;    88.398; 
 306;      .934;    24.740;    88.398; 
 307;      .871;    24.791;    88.398; 
 308;      .820;    24.867;    88.398; 
 309;      .806;    24.904;    88.398; 
 310;      .799;    24.928;    88.398; 
 311;      .796;    24.939;    88.398; 
 312;      .797;    24.935;    88.398; 
 313;      .791;    24.956;    88.398; 
 314;      .786;    24.975;    88.398; 
 315;      .785;    24.980;    88.398; 
 316;      .783;    24.986;    88.398; 
 317;      .776;    25.013;    88.398; 
 318;      .773;    25.033;    88.398; 
 319;      .772;    25.042;    88.398; 
 320;      .770;    25.052;    88.398; 
 321;      .767;    25.069;    88.398; 
 322;      .765;    25.091;    88.398; 
 323;      .764;    25.097;    88.398; 
 324;      .764;    25.099;    88.398; 
 325;      .763;    25.104;    88.398; 
 326;      .762;    25.109;    88.398; 
 327;      .761;    25.112;    88.398; 
 328;      .758;    25.127;    88.398; 
 329;      .755;    25.139;    88.398; 
 330;      .752;    25.153;    88.398; 
 331;      .750;    25.164;    88.398; 
 332;      .747;    25.178;    88.398; 
 333;      .746;    25.187;    88.398; 
 334;      .743;    25.201;    88.398; 
 335;      .741;    25.211;    88.398; 
 336;      .740;    25.218;    88.398; 
 337;      .738;    25.226;    88.398; 
 338;      .737;    25.229;    88.398; 
 339;      .736;    25.237;    88.398; 
 340;      .733;    25.248;    88.398; 
 341;      .732;    25.252;    88.398; 
 342;      .730;    25.259;    88.398; 
 343;      .727;    25.270;    88.398; 
 344;      .721;    25.293;    88.398; 
 345;      .717;    25.318;    88.398; 
 346;      .715;    25.332;    88.398; 
 347;      .714;    25.336;    88.398; 
 348;      .713;    25.340;    88.398; 
 349;      .712;    25.344;    88.398; 
 350;      .710;    25.351;    88.398; 
 351;      .708;    25.358;    88.398; 
 352;      .706;    25.369;    88.398; 
 353;      .702;    25.384;    88.398; 
 354;      .700;    25.391;    88.398; 
 355;      .697;    25.403;    88.398; 
 356;      .694;    25.417;    88.398; 
 357;      .692;    25.423;    88.398; 
 358;      .689;    25.437;    88.398; 
 359;      .688;    25.442;    88.398; 
 360;      .685;    25.451;    88.398; 
 361;      .683;    25.458;    88.398; 
 362;      .680;    25.471;    88.398; 
 363;      .677;    25.480;    88.398; 
 364;      .675;    25.489;    88.398; 
 365;      .671;    25.503;    88.398; 
 366;      .669;    25.510;    88.398; 
 367;      .666;    25.524;    88.398; 
 368;      .664;    25.531;    88.398; 
 369;      .661;    25.539;    88.398; 
 370;      .659;    25.549;    88.398; 
 371;      .655;    25.562;    88.398; 
 372;      .652;    25.574;    88.398; 
 373;      .649;    25.583;    88.398; 
 374;      .647;    25.591;    88.398; 
 375;      .645;    25.596;    88.398; 
 376;      .643;    25.604;    88.398; 
 377;      .640;    25.615;    88.398; 
 378;      .635;    25.629;    88.398; 
 379;      .632;    25.640;    88.398; 
 380;      .630;    25.649;    88.398; 
 381;      .627;    25.658;    88.398; 
 382;      .622;    25.676;    88.398; 
 383;      .618;    25.691;    88.398; 
 384;      .616;    25.700;    88.398; 
 385;      .614;    25.708;    88.398; 
 386;      .612;    25.713;    88.398; 
 387;      .610;    25.721;    88.398; 
 388;      .608;    25.728;    88.398; 
 389;      .604;    25.741;    88.398; 
 390;      .601;    25.752;    88.398; 
 391;      .597;    25.764;    88.398; 
 392;      .594;    25.776;    88.398; 
 393;      .592;    25.784;    88.398; 
 394;      .589;    25.791;    88.398; 
 395;      .585;    25.804;    88.398; 
 396;      .584;    25.809;    88.398; 
 397;      .580;    25.820;    88.398; 
 398;      .578;    25.827;    88.398; 
 399;      .576;    25.833;    88.398; 
 400;      .574;    25.840;    88.398; 
 401;      .569;    25.855;    88.398; 
 402;      .564;    25.870;    88.398; 
 403;      .560;    25.882;    88.398; 
 404;      .557;    25.894;    88.398; 
 405;      .555;    25.900;    88.398; 
 406;      .553;    25.906;    88.398; 
 407;      .550;    25.913;    88.398; 
 408;      .547;    25.921;    88.398; 
 409;      .545;    25.927;    88.398; 
 410;      .542;    25.936;    88.398; 
 411;      .538;    25.945;    88.398; 
 412;      .531;    25.965;    88.398; 
 413;      .527;    25.979;    88.398; 
 414;      .523;    25.990;    88.398; 
 415;      .520;    26.001;    88.398; 
 416;      .516;    26.017;    88.398; 
 417;      .513;    26.029;    88.398; 
 418;      .511;    26.033;    88.398; 
 419;      .509;    26.041;    88.398; 
 420;      .508;    26.043;    88.398; 
 421;      .505;    26.051;    88.398; 
 422;      .502;    26.061;    88.398; 
 423;      .497;    26.076;    88.398; 
 424;      .493;    26.087;    88.398; 
 425;      .491;    26.093;    88.398; 
 426;      .488;    26.102;    88.398; 
 427;      .486;    26.107;    88.398; 
 428;      .483;    26.116;    88.398; 
 429;      .479;    26.126;    88.398; 
 430;      .472;    26.145;    88.398; 
 431;      .470;    26.151;    88.398; 
 432;      .466;    26.161;    88.398; 
 433;      .461;    26.176;    88.398; 
 434;      .457;    26.189;    88.398; 
 435;      .455;    26.196;    88.398; 
 436;      .452;    26.204;    88.398; 
 437;      .449;    26.214;    88.398; 
 438;      .446;    26.221;    88.398; 
 439;      .444;    26.229;    88.398; 
 440;      .440;    26.238;    88.398; 
 441;      .437;    26.246;    88.398; 
 442;      .436;    26.250;    88.398; 
 443;      .431;    26.262;    88.398; 
 444;      .424;    26.281;    88.398; 
 445;      .420;    26.290;    88.398; 
 446;      .417;    26.301;    88.398; 
 447;      .413;    26.310;    88.398; 
 448;      .410;    26.319;    88.398; 
 449;      .409;    26.323;    88.398; 
 450;      .403;    26.337;    88.398; 
 451;      .397;    26.355;    88.398; 
 452;      .393;    26.368;    88.398; 
 453;      .391;    26.372;    88.398; 
 454;      .389;    26.377;    88.398; 
 455;      .385;    26.388;    88.398; 
 456;      .382;    26.396;    88.398; 
 457;      .379;    26.403;    88.398; 
 458;      .378;    26.407;    88.398; 
 459;      .374;    26.415;    88.398; 
 460;      .371;    26.423;    88.398; 
 461;      .367;    26.431;    88.398; 
 462;      .364;    26.437;    88.398; 
 463;      .357;    26.454;    88.398; 
 464;      .347;    26.483;    88.398; 
 465;      .342;    26.500;    88.398; 
 466;      .340;    26.503;    88.398; 
 467;      .339;    26.507;    88.398; 
 468;      .337;    26.513;    88.398; 
 469;      .334;    26.519;    88.398; 
 470;      .328;    26.534;    88.398; 
 471;      .325;    26.542;    88.398; 
 472;      .319;    26.559;    88.398; 
 473;      .316;    26.568;    88.398; 
 474;      .313;    26.575;    88.398; 
 475;      .312;    26.578;    88.398; 
 476;      .309;    26.584;    88.398; 
 477;      .305;    26.595;    88.398; 
 478;      .302;    26.601;    88.398; 
 479;      .296;    26.615;    88.398; 
 480;      .290;    26.629;    88.398; 
 481;      .286;    26.640;    88.398; 
 482;      .281;    26.651;    88.398; 
 483;      .277;    26.664;    88.398; 
 484;      .275;    26.669;    88.398; 
 485;      .270;    26.682;    88.398; 
 486;      .268;    26.684;    88.398; 
 487;      .265;    26.693;    88.398; 
 488;      .260;    26.704;    88.398; 
 489;      .258;    26.710;    88.398; 
 490;      .255;    26.714;    88.398; 
 491;      .249;    26.728;    88.398; 
 492;      .245;    26.738;    88.398; 
 493;      .239;    26.753;    88.398; 
 494;      .233;    26.768;    88.398; 
 495;      .228;    26.779;    88.398; 
 496;      .226;    26.785;    88.398; 
 497;      .224;    26.791;    88.398; 
 498;      .219;    26.803;    88.398; 
 499;      .217;    26.807;    88.398; 
 500;      .212;    26.819;    88.398; 
 501;      .209;    26.827;    88.398; 
 502;      .203;    26.840;    88.398; 
 503;      .197;    26.856;    88.398; 
 504;      .193;    26.865;    88.398; 
 505;      .192;    26.868;    88.398; 
 506;      .189;    26.874;    88.398; 
 507;      .187;    26.879;    88.398; 
 508;      .186;    26.879;    88.398; 
 509;      .184;    26.884;    88.398; 
 510;      .181;    26.888;    88.398; 
 511;      .175;    26.898;    88.398; 
 512;      .173;    26.902;    88.398; 
 513;      .166;    26.913;    88.398; 
 514;      .162;    26.919;    88.398; 
 515;      .159;    26.923;    88.398; 
 516;      .158;    26.925;    88.398; 
 517;      .157;    26.925;    88.398; 
 518;      .153;    26.931;    88.398; 
 519;      .150;    26.935;    88.398; 
 520;      .148;    26.936;    88.398; 
 521;      .143;    26.941;    88.398; 
 522;      .141;    26.943;    88.398; 
 523;      .139;    26.946;    88.398; 
 524;      .135;    26.949;    88.398; 
 525;      .130;    26.953;    88.398; 
 526;      .129;    26.954;    88.398; 
 527;      .125;    26.957;    88.398; 
 528;      .121;    26.959;    88.398; 
 529;      .119;    26.961;    88.398; 
 530;      .115;    26.963;    88.398; 
 531;      .109;    26.967;    88.398; 
 532;      .101;    26.971;    88.398; 
 533;      .098;    26.973;    88.398; 
 534;      .089;    26.978;    88.398; 
 535;      .083;    26.981;    88.398; 
 536;      .082;    26.982;    88.398; 
 537;      .077;    26.983;    88.398; 
 538;      .075;    26.984;    88.398; 
 539;      .071;    26.985;    88.398; 
 540;      .070;    26.985;    88.398; 
 541;      .068;    26.986;    88.398; 
 542;      .064;    26.987;    88.398; 
 543;      .060;    26.988;    88.398; 
 544;      .051;    26.990;    88.398; 
 545;      .043;    26.991;    88.398; 
 546;      .038;    26.992;    88.398; 
 547;      .035;    26.993;    88.398; 
 548;      .025;    26.994;    88.398; 
 549;      .018;    26.995;    88.398; 
 550;      .011;    26.996;    88.398; 
 551;      .007;    26.996;    88.398; 
 552;     0.000;    26.997;    88.398; 
 553;     -.004;    26.997;    88.398; 
 554;     -.012;    26.997;    88.398; 
 555;     -.021;    26.998;    88.398; 
 556;     -.035;    26.998;    88.398; 
 557;     -.042;    26.999;    88.398; 
 558;     -.047;    26.999;    88.398; 
 559;     -.054;    26.999;    88.398; 
 560;     -.063;    26.999;    88.398; 
 561;     -.072;    26.999;    88.398; 
 562;     -.084;    26.999;    88.398; 
 563;     -.095;    26.999;    88.398; 
 564;     -.103;    26.998;    88.398; 
 565;     -.114;    26.998;    88.398; 
 566;     -.126;    26.998;    88.398; 
 567;     -.137;    26.998;    88.398; 
 568;     -.149;    26.998;    88.398; 
 569;     -.158;    26.998;    88.398; 
 570;     -.167;    26.998;    88.398; 
 571;     -.177;    26.998;    88.398; 
 572;     -.190;    26.998;    88.398; 
 573;     -.201;    26.998;    88.398; 
 574;     -.213;    26.998;    88.398; 
 575;     -.224;    26.998;    88.398; 
 576;     -.234;    26.998;    88.398; 
 577;     -.246;    26.998;    88.398; 
 578;     -.256;    26.999;    88.398; 
 579;     -.263;    26.998;    88.398; 
 580;     -.270;    26.998;    88.398; 
 581;     -.281;    26.998;    88.398; 
 582;     -.295;    26.998;    88.398; 
 583;     -.308;    26.998;    88.398; 
 584;     -.318;    26.998;    88.398; 
 585;     -.328;    26.998;    88.398; 
 586;     -.342;    26.998;    88.398; 
 587;     -.354;    26.998;    88.398; 
 588;     -.362;    26.998;    88.398; 
 589;     -.369;    26.998;    88.398; 
 590;     -.381;    26.998;    88.398; 
 591;     -.393;    26.998;    88.398; 
 592;     -.405;    26.998;    88.398; 
 593;     -.411;    26.998;    88.398; 
 594;     -.421;    26.997;    88.398; 
 595;     -.431;    26.997;    88.398; 
 596;     -.440;    26.997;    88.398; 
 597;     -.451;    26.996;    88.398; 
 598;     -.462;    26.996;    88.398; 
 599;     -.478;    26.996;    88.398; 
 600;     -.496;    26.996;    88.398; 
 601;     -.505;    26.996;    88.398; 
 602;     -.513;    26.996;    88.398; 
 603;     -.517;    26.996;    88.398; 
 604;     -.523;    26.996;    88.398; 
 605;     -.526;    26.996;    88.398; 
 606;     -.530;    26.995;    88.398; 
 607;     -.538;    26.994;    88.398; 
 608;     -.553;    26.993;    88.398; 
 609;     -.562;    26.992;    88.398; 
 610;     -.565;    26.992;    88.398; 
 611;     -.571;    26.991;    88.398; 
 612;     -.574;    26.990;    88.398; 
 613;     -.577;    26.989;    88.398; 
 614;     -.578;    26.989;    88.398; 
 615;     -.583;    26.987;    88.398; 
 616;     -.582;    26.987;    88.398; 
 617;     -.584;    26.986;    88.398; 
 618;     -.586;    26.986;    88.398; 
 619;     -.591;    26.984;    88.398; 
 620;     -.589;    26.984;    88.398; 
 621;     -.589;    26.984;    88.398; 
 622;     -.595;    26.981;    88.398; 
 623;     -.597;    26.979;    88.398; 
 624;     -.602;    26.976;    88.398; 
 625;     -.611;    26.970;    88.398; 
 626;     -.622;    26.964;    88.398; 
 627;     -.633;    26.957;    88.398; 
 628;     -.638;    26.954;    88.398; 
 629;     -.645;    26.950;    88.398; 
 630;     -.648;    26.947;    88.398; 
 631;     -.650;    26.946;    88.398; 
 632;     -.656;    26.941;    88.398; 
 633;     -.661;    26.937;    88.398; 
 634;     -.666;    26.933;    88.398; 
 635;     -.669;    26.930;    88.398; 
 636;     -.672;    26.928;    88.398; 
 637;     -.675;    26.925;    88.398; 
 638;     -.677;    26.922;    88.398; 
 639;     -.680;    26.919;    88.398; 
 640;     -.680;    26.919;    88.398; 
 641;     -.684;    26.914;    88.398; 
 642;     -.688;    26.908;    88.398; 
 643;     -.687;    26.909;    88.398; 
 644;     -.690;    26.904;    88.398; 
 645;     -.694;    26.899;    88.398; 
 646;     -.697;    26.894;    88.398; 
 647;     -.703;    26.884;    88.398; 
 648;     -.707;    26.877;    88.398; 
 649;     -.709;    26.872;    88.398; 
 650;     -.709;    26.873;    88.398; 
 651;     -.711;    26.868;    88.398; 
 652;     -.711;    26.868;    88.398; 
 653;     -.712;    26.864;    88.398; 
 654;     -.715;    26.857;    88.398; 
 655;     -.716;    26.851;    88.398; 
 656;     -.726;    26.828;    88.398; 
 657;     -.731;    26.815;    88.398; 
 658;     -.734;    26.807;    88.398; 
 659;     -.741;    26.791;    88.398; 
 660;     -.744;    26.784;    88.398; 
 661;     -.749;    26.772;    88.398; 
 662;     -.751;    26.768;    88.398; 
 663;     -.753;    26.761;    88.398; 
 664;     -.759;    26.748;    88.398; 
 665;     -.764;    26.736;    88.398; 
 666;     -.769;    26.724;    88.398; 
 667;     -.773;    26.714;    88.398; 
 668;     -.775;    26.708;    88.398; 
 669;     -.780;    26.695;    88.398; 
 670;     -.783;    26.689;    88.398; 
 671;     -.786;    26.681;    88.398; 
 672;     -.790;    26.670;    88.398; 
 673;     -.794;    26.662;    88.398; 
 674;     -.795;    26.658;    88.398; 
 675;     -.801;    26.642;    88.398; 
 676;     -.805;    26.632;    88.398; 
 677;     -.808;    26.624;    88.398; 
 678;     -.816;    26.606;    88.398; 
 679;     -.818;    26.599;    88.398; 
 680;     -.823;    26.588;    88.398; 
 681;     -.827;    26.579;    88.398; 
 682;     -.831;    26.569;    88.398; 
 683;     -.833;    26.562;    88.398; 
 684;     -.837;    26.553;    88.398; 
 685;     -.841;    26.543;    88.398; 
 686;     -.845;    26.532;    88.398; 
 687;     -.848;    26.524;    88.398; 
 688;     -.851;    26.516;    88.398; 
 689;     -.855;    26.506;    88.398; 
 690;     -.858;    26.497;    88.398; 
 691;     -.860;    26.492;    88.398; 
 692;     -.866;    26.477;    88.398; 
 693;     -.870;    26.466;    88.398; 
 694;     -.874;    26.456;    88.398; 
 695;     -.879;    26.444;    88.398; 
 696;     -.881;    26.438;    88.398; 
 697;     -.887;    26.422;    88.398; 
 698;     -.890;    26.415;    88.398; 
 699;     -.894;    26.404;    88.398; 
 700;     -.897;    26.398;    88.398; 
 701;     -.901;    26.387;    88.398; 
 702;     -.903;    26.381;    88.398; 
 703;     -.907;    26.370;    88.398; 
 704;     -.908;    26.365;    88.398; 
 705;     -.913;    26.351;    88.398; 
 706;     -.918;    26.337;    88.398; 
 707;     -.923;    26.325;    88.398; 
 708;     -.927;    26.314;    88.398; 
 709;     -.929;    26.308;    88.398; 
 710;     -.933;    26.299;    88.398; 
 711;     -.936;    26.289;    88.398; 
 712;     -.939;    26.281;    88.398; 
 713;     -.942;    26.271;    88.398; 
 714;     -.947;    26.258;    88.398; 
 715;     -.951;    26.248;    88.398; 
 716;     -.954;    26.237;    88.398; 
 717;     -.958;    26.228;    88.398; 
 718;     -.962;    26.217;    88.398; 
 719;     -.966;    26.206;    88.398; 
 720;     -.966;    26.205;    88.398; 
 721;     -.970;    26.192;    88.398; 
 722;     -.975;    26.178;    88.398; 
 723;     -.978;    26.170;    88.398; 
 724;     -.983;    26.157;    88.398; 
 725;     -.984;    26.153;    88.398; 
 726;     -.989;    26.139;    88.398; 
 727;     -.991;    26.132;    88.398; 
 728;     -.995;    26.119;    88.398; 
 729;     -.999;    26.108;    88.398; 
 730;    -1.002;    26.100;    88.398; 
 731;    -1.006;    26.089;    88.398; 
 732;    -1.010;    26.075;    88.398; 
 733;    -1.013;    26.068;    88.398; 
 734;    -1.016;    26.059;    88.398; 
 735;    -1.018;    26.051;    88.398; 
 736;    -1.023;    26.039;    88.398; 
 737;    -1.026;    26.029;    88.398; 
 738;    -1.030;    26.017;    88.398; 
 739;    -1.034;    26.006;    88.398; 
 740;    -1.036;    26.000;    88.398; 
 741;    -1.039;    25.990;    88.398; 
 742;    -1.043;    25.977;    88.398; 
 743;    -1.046;    25.969;    88.398; 
 744;    -1.050;    25.956;    88.398; 
 745;    -1.053;    25.949;    88.398; 
 746;    -1.055;    25.941;    88.398; 
 747;    -1.057;    25.934;    88.398; 
 748;    -1.059;    25.927;    88.398; 
 749;    -1.062;    25.919;    88.398; 
 750;    -1.063;    25.913;    88.398; 
 751;    -1.066;    25.903;    88.398; 
 752;    -1.068;    25.895;    88.398; 
 753;    -1.070;    25.886;    88.398; 
 754;    -1.075;    25.869;    88.398; 
 755;    -1.075;    25.865;    88.398; 
 756;    -1.085;    25.835;    88.398; 
 757;    -1.094;    25.812;    88.398; 
 758;    -1.096;    25.805;    88.398; 
 759;    -1.099;    25.797;    88.398; 
 760;    -1.100;    25.793;    88.398; 
 761;    -1.103;    25.787;    88.398; 
 762;    -1.105;    25.779;    88.398; 
 763;    -1.107;    25.772;    88.398; 
 764;    -1.109;    25.764;    88.398; 
 765;    -1.111;    25.758;    88.398; 
 766;    -1.113;    25.750;    88.398; 
 767;    -1.117;    25.737;    88.398; 
 768;    -1.121;    25.724;    88.398; 
 769;    -1.123;    25.716;    88.398; 
 770;    -1.127;    25.701;    88.398; 
 771;    -1.129;    25.696;    88.398; 
 772;    -1.136;    25.674;    88.398; 
 773;    -1.139;    25.665;    88.398; 
 774;    -1.140;    25.662;    88.398; 
 775;    -1.143;    25.650;    88.398; 
 776;    -1.145;    25.643;    88.398; 
 777;    -1.147;    25.636;    88.398; 
 778;    -1.150;    25.625;    88.398; 
 779;    -1.152;    25.617;    88.398; 
 780;    -1.155;    25.608;    88.398; 
 781;    -1.158;    25.596;    88.398; 
 782;    -1.161;    25.586;    88.398; 
 783;    -1.163;    25.579;    88.398; 
 784;    -1.165;    25.568;    88.398; 
 785;    -1.167;    25.562;    88.398; 
 786;    -1.170;    25.551;    88.398; 
 787;    -1.172;    25.540;    88.398; 
 788;    -1.176;    25.525;    88.398; 
 789;    -1.178;    25.517;    88.398; 
 790;    -1.181;    25.508;    88.398; 
 791;    -1.184;    25.495;    88.398; 
 792;    -1.187;    25.485;    88.398; 
 793;    -1.189;    25.477;    88.398; 
 794;    -1.190;    25.471;    88.398; 
 795;    -1.193;    25.459;    88.398; 
 796;    -1.196;    25.450;    88.398; 
 797;    -1.197;    25.441;    88.398; 
 798;    -1.199;    25.435;    88.398; 
 799;    -1.201;    25.424;    88.398; 
 800;    -1.207;    25.401;    88.398; 
 801;    -1.212;    25.385;    88.398; 
 802;    -1.214;    25.377;    88.398; 
 803;    -1.215;    25.373;    88.398; 
 804;    -1.217;    25.366;    88.398; 
 805;    -1.218;    25.360;    88.398; 
 806;    -1.221;    25.347;    88.398; 
 807;    -1.227;    25.327;    88.398; 
 808;    -1.228;    25.322;    88.398; 
 809;    -1.231;    25.311;    88.398; 
 810;    -1.230;    25.313;    88.398; 
 811;    -1.234;    25.298;    88.398; 
 812;    -1.235;    25.290;    88.398; 
 813;    -1.238;    25.279;    88.398; 
 814;    -1.241;    25.267;    88.398; 
 815;    -1.242;    25.260;    88.398; 
 816;    -1.245;    25.247;    88.398; 
 817;    -1.248;    25.235;    88.398; 
 818;    -1.251;    25.221;    88.398; 
 819;    -1.254;    25.208;    88.398; 
 820;    -1.254;    25.207;    88.398; 
 821;    -1.255;    25.200;    88.398; 
 822;    -1.256;    25.197;    88.398; 
 823;    -1.257;    25.190;    88.398; 
 824;    -1.260;    25.173;    88.398; 
 825;    -1.264;    25.151;    88.398; 
 826;    -1.266;    25.141;    88.398; 
 827;    -1.270;    25.126;    88.398; 
 828;    -1.274;    25.111;    88.398; 
 829;    -1.275;    25.106;    88.398; 
 830;    -1.276;    25.101;    88.398; 
 831;    -1.277;    25.094;    88.398; 
 832;    -1.280;    25.081;    88.398; 
 833;    -1.281;    25.072;    88.398; 
 834;    -1.282;    25.066;    88.398; 
 835;    -1.284;    25.058;    88.398; 
 836;    -1.287;    25.042;    88.398; 
 837;    -1.289;    25.030;    88.398; 
 838;    -1.290;    25.024;    88.398; 
 839;    -1.293;    25.011;    88.398; 
 840;    -1.295;    25.000;    88.398; 
 841;    -1.297;    24.990;    88.398; 
 842;    -1.299;    24.981;    88.398; 
 843;    -1.302;    24.966;    88.398; 
 844;    -1.304;    24.957;    88.398; 
 845;    -1.306;    24.946;    88.398; 
 846;    -1.308;    24.937;    88.398; 
 847;    -1.311;    24.922;    88.398; 
 848;    -1.323;    24.885;    88.398; 
 849;    -1.340;    24.846;    88.398; 
 850;    -1.349;    24.829;    88.398; 
 851;    -1.393;    24.772;    88.398; 
 852;    -1.493;    24.707;    88.398; 
 853;    -1.538;    24.694;    88.398; 
 854;    -1.582;    24.688;    88.398; 
 855;    -1.609;    24.687;    88.398; 
 856;    -1.616;    24.686;    88.398; 
 857;    -1.620;    24.686;    88.398; 
 858;    -1.626;    24.685;    88.398; 
 859;    -1.632;    24.685;    88.398; 
 860;    -1.636;    24.684;    88.398; 
 861;    -1.654;    24.682;    88.398; 
 862;    -1.679;    24.681;    88.398; 
 863;    -1.697;    24.681;    88.398; 
 864;    -1.702;    24.681;    88.398; 
 865;    -1.713;    24.680;    88.398; 
 866;    -1.721;    24.680;    88.398; 
 867;    -1.731;    24.679;    88.398; 
 868;    -1.742;    24.679;    88.398; 
 869;    -1.751;    24.679;    88.398; 
 870;    -1.759;    24.678;    88.398; 
 871;    -1.766;    24.678;    88.398; 
 872;    -1.775;    24.677;    88.398; 
 873;    -1.786;    24.676;    88.398; 
 874;    -1.797;    24.675;    88.398; 
 875;    -1.808;    24.675;    88.398; 
 876;    -1.816;    24.674;    88.398; 
 877;    -1.826;    24.673;    88.398; 
 878;    -1.834;    24.672;    88.398; 
 879;    -1.850;    24.671;    88.398; 
 880;    -1.864;    24.670;    88.398; 
 881;    -1.874;    24.670;    88.398; 
 882;    -1.883;    24.669;    88.398; 
 883;    -1.890;    24.669;    88.398; 
 884;    -1.902;    24.668;    88.398; 
 885;    -1.922;    24.667;    88.398; 
 886;    -1.937;    24.667;    88.398; 
 887;    -1.952;    24.667;    88.398; 
 888;    -2.003;    24.673;    88.398; 
 889;    -2.102;    24.713;    88.398; 
 890;    -2.181;    24.793;    88.398; 
 891;    -2.204;    24.836;    88.398; 
 892;    -2.208;    24.845;    88.398; 
 893;    -2.214;    24.857;    88.398; 
 894;    -2.217;    24.863;    88.398; 
 895;    -2.224;    24.880;    88.398; 
 896;    -2.230;    24.894;    88.398; 
 897;    -2.237;    24.913;    88.398; 
 898;    -2.240;    24.922;    88.398; 
 899;    -2.244;    24.931;    88.398; 
 900;    -2.248;    24.944;    88.398; 
 901;    -2.252;    24.954;    88.398; 
 902;    -2.259;    24.976;    88.398; 
 903;    -2.265;    24.999;    88.398; 
 904;    -2.268;    25.011;    88.398; 
 905;    -2.269;    25.017;    88.398; 
 906;    -2.271;    25.021;    88.398; 
 907;    -2.271;    25.024;    88.398; 
 908;    -2.274;    25.031;    88.398; 
 909;    -2.275;    25.033;    88.398; 
 910;    -2.277;    25.040;    88.398; 
 911;    -2.281;    25.048;    88.398; 
 912;    -2.284;    25.056;    88.398; 
 913;    -2.288;    25.067;    88.398; 
 914;    -2.297;    25.093;    88.398; 
 915;    -2.301;    25.108;    88.398; 
 916;    -2.304;    25.117;    88.398; 
 917;    -2.307;    25.127;    88.398; 
 918;    -2.309;    25.135;    88.398; 
 919;    -2.313;    25.147;    88.398; 
 920;    -2.316;    25.154;    88.398; 
 921;    -2.318;    25.160;    88.398; 
 922;    -2.322;    25.173;    88.398; 
 923;    -2.324;    25.179;    88.398; 
 924;    -2.327;    25.186;    88.398; 
 925;    -2.330;    25.193;    88.398; 
 926;    -2.331;    25.197;    88.398; 
 927;    -2.334;    25.204;    88.398; 
 928;    -2.336;    25.207;    88.398; 
 929;    -2.342;    25.221;    88.398; 
 930;    -2.350;    25.243;    88.398; 
 931;    -2.358;    25.266;    88.398; 
 932;    -2.362;    25.278;    88.398; 
 933;    -2.363;    25.282;    88.398; 
 934;    -2.364;    25.285;    88.398; 
 935;    -2.365;    25.287;    88.398; 
 936;    -2.370;    25.298;    88.398; 
 937;    -2.373;    25.308;    88.398; 
 938;    -2.379;    25.323;    88.398; 
 939;    -2.383;    25.334;    88.398; 
 940;    -2.385;    25.339;    88.398; 
 941;    -2.390;    25.352;    88.398; 
 942;    -2.393;    25.361;    88.398; 
 943;    -2.396;    25.367;    88.398; 
 944;    -2.398;    25.372;    88.398; 
 945;    -2.402;    25.382;    88.398; 
 946;    -2.408;    25.397;    88.398; 
 947;    -2.414;    25.413;    88.398; 
 948;    -2.417;    25.422;    88.398; 
 949;    -2.419;    25.427;    88.398; 
 950;    -2.422;    25.433;    88.398; 
 951;    -2.424;    25.438;    88.398; 
 952;    -2.427;    25.445;    88.398; 
 953;    -2.434;    25.460;    88.398; 
 954;    -2.441;    25.480;    88.398; 
 955;    -2.442;    25.482;    88.398; 
 956;    -2.444;    25.487;    88.398; 
 957;    -2.447;    25.493;    88.398; 
 958;    -2.453;    25.506;    88.398; 
 959;    -2.459;    25.521;    88.398; 
 960;    -2.464;    25.533;    88.398; 
 961;    -2.468;    25.542;    88.398; 
 962;    -2.471;    25.550;    88.398; 
 963;    -2.475;    25.559;    88.398; 
 964;    -2.480;    25.571;    88.398; 
 965;    -2.481;    25.574;    88.398; 
 966;    -2.484;    25.579;    88.398; 
 967;    -2.488;    25.588;    88.398; 
 968;    -2.490;    25.594;    88.398; 
 969;    -2.494;    25.602;    88.398; 
 970;    -2.503;    25.620;    88.398; 
 971;    -2.513;    25.646;    88.398; 
 972;    -2.518;    25.661;    88.398; 
 973;    -2.518;    25.660;    88.398; 
 974;    -2.521;    25.669;    88.398; 
 975;    -2.522;    25.671;    88.398; 
 976;    -2.526;    25.680;    88.398; 
 977;    -2.529;    25.687;    88.398; 
 978;    -2.535;    25.700;    88.398; 
 979;    -2.539;    25.708;    88.398; 
 980;    -2.544;    25.719;    88.398; 
 981;    -2.548;    25.728;    88.398; 
 982;    -2.550;    25.733;    88.398; 
 983;    -2.555;    25.744;    88.398; 
 984;    -2.560;    25.755;    88.398; 
 985;    -2.565;    25.766;    88.398; 
 986;    -2.570;    25.777;    88.398; 
 987;    -2.573;    25.783;    88.398; 
 988;    -2.576;    25.791;    88.398; 
 989;    -2.581;    25.801;    88.398; 
 990;    -2.587;    25.814;    88.398; 
 991;    -2.592;    25.824;    88.398; 
 992;    -2.596;    25.833;    88.398; 
 993;    -2.598;    25.838;    88.398; 
 994;    -2.603;    25.848;    88.398; 
 995;    -2.607;    25.856;    88.398; 
 996;    -2.611;    25.864;    88.398; 
 997;    -2.615;    25.874;    88.398; 
 998;    -2.620;    25.884;    88.398; 
 999;    -2.626;    25.897;    88.398; 
1000;    -2.629;    25.903;    88.398; 
1001;    -2.635;    25.916;    88.398; 
1002;    -2.638;    25.921;    88.398; 
1003;    -2.644;    25.933;    88.398; 
1004;    -2.648;    25.942;    88.398; 
1005;    -2.654;    25.955;    88.398; 
1006;    -2.657;    25.961;    88.398; 
1007;    -2.661;    25.968;    88.398; 
1008;    -2.665;    25.977;    88.398; 
1009;    -2.671;    25.989;    88.398; 
1010;    -2.677;    26.001;    88.398; 
1011;    -2.682;    26.011;    88.398; 
1012;    -2.686;    26.020;    88.398; 
1013;    -2.690;    26.028;    88.398; 
1014;    -2.695;    26.039;    88.398; 
1015;    -2.698;    26.044;    88.398; 
1016;    -2.705;    26.060;    88.398; 
1017;    -2.709;    26.067;    88.398; 
1018;    -2.715;    26.080;    88.398; 
1019;    -2.718;    26.087;    88.398; 
1020;    -2.722;    26.095;    88.398; 
1021;    -2.726;    26.104;    88.398; 
1022;    -2.729;    26.109;    88.398; 
1023;    -2.735;    26.122;    88.398; 
1024;    -2.738;    26.126;    88.398; 
1025;    -2.743;    26.135;    88.398; 
1026;    -2.749;    26.148;    88.398; 
1027;    -2.756;    26.162;    88.398; 
1028;    -2.759;    26.169;    88.398; 
1029;    -2.765;    26.180;    88.398; 
1030;    -2.768;    26.186;    88.398; 
1031;    -2.773;    26.198;    88.398; 
1032;    -2.776;    26.203;    88.398; 
1033;    -2.781;    26.213;    88.398; 
1034;    -2.786;    26.221;    88.398; 
1035;    -2.790;    26.229;    88.398; 
1036;    -2.795;    26.238;    88.398; 
1037;    -2.802;    26.252;    88.398; 
1038;    -2.807;    26.263;    88.398; 
1039;    -2.812;    26.271;    88.398; 
1040;    -2.813;    26.274;    88.398; 
1041;    -2.819;    26.284;    88.398; 
1042;    -2.821;    26.288;    88.398; 
1043;    -2.827;    26.298;    88.398; 
1044;    -2.837;    26.317;    88.398; 
1045;    -2.840;    26.322;    88.398; 
1046;    -2.845;    26.331;    88.398; 
1047;    -2.850;    26.341;    88.398; 
1048;    -2.857;    26.355;    88.398; 
1049;    -2.863;    26.368;    88.398; 
1050;    -2.868;    26.377;    88.398; 
1051;    -2.868;    26.376;    88.398; 
1052;    -2.874;    26.387;    88.398; 
1053;    -2.876;    26.390;    88.398; 
1054;    -2.884;    26.405;    88.398; 
1055;    -2.894;    26.425;    88.398; 
1056;    -2.897;    26.431;    88.398; 
1057;    -2.901;    26.439;    88.398; 
1058;    -2.906;    26.449;    88.398; 
1059;    -2.909;    26.455;    88.398; 
1060;    -2.915;    26.464;    88.398; 
1061;    -2.917;    26.469;    88.398; 
1062;    -2.923;    26.480;    88.398; 
1063;    -2.927;    26.486;    88.398; 
1064;    -2.932;    26.495;    88.398; 
1065;    -2.939;    26.507;    88.398; 
1066;    -2.945;    26.518;    88.398; 
1067;    -2.950;    26.527;    88.398; 
1068;    -2.953;    26.532;    88.398; 
1069;    -2.957;    26.539;    88.398; 
1070;    -2.962;    26.548;    88.398; 
1071;    -2.975;    26.573;    88.398; 
1072;    -2.981;    26.585;    88.398; 
1073;    -2.981;    26.585;    88.398; 
1074;    -2.985;    26.593;    88.398; 
1075;    -2.986;    26.593;    88.398; 
1076;    -2.991;    26.601;    88.398; 
1077;    -2.996;    26.610;    88.398; 
1078;    -2.997;    26.612;    88.398; 
1079;    -3.009;    26.631;    88.398; 
1080;    -3.014;    26.641;    88.398; 
1081;    -3.017;    26.646;    88.398; 
1082;    -3.022;    26.654;    88.398; 
1083;    -3.026;    26.659;    88.398; 
1084;    -3.029;    26.663;    88.398; 
1085;    -3.036;    26.675;    88.398; 
1086;    -3.043;    26.686;    88.398; 
1087;    -3.052;    26.701;    88.398; 
1088;    -3.058;    26.711;    88.398; 
1089;    -3.062;    26.717;    88.398; 
1090;    -3.064;    26.721;    88.398; 
1091;    -3.069;    26.729;    88.398; 
1092;    -3.073;    26.735;    88.398; 
1093;    -3.077;    26.740;    88.398; 
1094;    -3.082;    26.748;    88.398; 
1095;    -3.086;    26.754;    88.398; 
1096;    -3.088;    26.756;    88.398; 
1097;    -3.092;    26.761;    88.398; 
1098;    -3.093;    26.762;    88.398; 
1099;    -3.096;    26.766;    88.398; 
1100;    -3.101;    26.770;    88.398; 
1101;    -3.103;    26.772;    88.398; 
1102;    -3.105;    26.774;    88.398; 
1103;    -3.109;    26.777;    88.398; 
1104;    -3.110;    26.778;    88.398; 
1105;    -3.118;    26.785;    88.398; 
1106;    -3.117;    26.784;    88.398; 
1107;    -3.122;    26.788;    88.398; 
1108;    -3.126;    26.790;    88.398; 
1109;    -3.132;    26.794;    88.398; 
1110;    -3.137;    26.797;    88.398; 
1111;    -3.141;    26.800;    88.398; 
1112;    -3.147;    26.803;    88.398; 
1113;    -3.151;    26.805;    88.398; 
1114;    -3.153;    26.806;    88.398; 
1115;    -3.155;    26.807;    88.398; 
1116;    -3.159;    26.808;    88.398; 
1117;    -3.163;    26.809;    88.398; 
1118;    -3.163;    26.809;    88.398; 
1119;    -3.172;    26.812;    88.398; 
1120;    -3.188;    26.817;    88.398; 
1121;    -3.196;    26.820;    88.398; 
1122;    -3.198;    26.820;    88.398; 
1123;    -3.203;    26.821;    88.398; 
1124;    -3.201;    26.821;    88.398; 
1125;    -3.206;    26.822;    88.398; 
1126;    -3.210;    26.822;    88.398; 
1127;    -3.211;    26.822;    88.398; 
1128;    -3.219;    26.823;    88.398; 
1129;    -3.225;    26.823;    88.398; 
1130;    -3.231;    26.823;    88.398; 
1131;    -3.237;    26.824;    88.398; 
1132;    -3.241;    26.824;    88.398; 
1133;    -3.253;    26.824;    88.398; 
1134;    -3.259;    26.824;    88.398; 
1135;    -3.265;    26.823;    88.398; 
1136;    -3.271;    26.823;    88.398; 
1137;    -3.278;    26.823;    88.398; 
1138;    -3.279;    26.822;    88.398; 
1139;    -3.287;    26.821;    88.398; 
1140;    -3.295;    26.820;    88.398; 
1141;    -3.307;    26.819;    88.398; 
1142;    -3.320;    26.817;    88.398; 
